Workbook

Sheet README
A1: Verified Stock Inventory Master — Guide
A3: What this is | B3: A cleaned, categorised product master built from StockSummaryReport_10_10_26.xlsx (sheet "Stock Summary Report", dated 10-10-26). Every source row is traceable via the Source Reference column.
A4: Sheets
A5: • Product Master | B5: One row per source product record (2,502 rows). SKU stored as text. Use the Excel Table filters to sort/search. Category, Subcategory and Verification Status have dropdown validation (lists on the hidden Lists sheet). Column T (SKU Unique Weight) is a helper for the Category Summary unique-SKU counts.
A6: • Category Summary | B6: Counts and stock totals per Category/Subcategory, calculated with COUNTIFS/SUMIFS formulas from Product Master. The TOTAL row sums the table.
A7: • SKU & Data Quality Audit | B7: Every record needing attention: missing SKUs, duplicate/conflicting SKUs, negative quantities, unclassified products, zero purchase prices, and fallback-rule classifications. Work through this sheet to resolve issues.
A8: • Source Reconciliation | B8: All 2,507 source rows with their original values, final mapping, and outcome (Mapped / Excluded). Use it to prove nothing was dropped.
A9: • Vehicle Compatibility | B9: One row per product with bike fitment found in the source name. Fitment was extracted from text only — verify against manufacturer charts before committing to a customer.
A10: Key rules applied
A11: • SKUs | B11: Extracted exactly as written in the source (prefix codes like WIN2053, parenthetical codes like (SBH170026)). Never invented. "Missing SKU" where none was found.
A12: • Verification Status | B12: "Source-Parsed" = confidently parsed from source text (not externally verified). "Needs Verification" = ambiguous product, fallback classification, or unclassified.
A13: • Excluded rows | B13: 5 non-product lines (CGST @14%, SGST@14%, TAXX, SHIPPING, TRANSPORTATION CHARGES) were excluded from the catalogue and are documented in Source Reconciliation.
A14: • Duplicates | B14: 28 SKUs appear on multiple rows (mostly spelling variants of the same item name). Rows were kept separate so stock quantities reconcile exactly; see the Audit sheet to decide merges.
A15: • External Verification | B15: Every product was checked against external sources (manufacturer sites, official distributors, major moto retailers) in Oct 2026, including a second pass that infers the brand from famous product lines (e.g. 7100 4T → Motul) and fixes obvious typos in names (91 typos corrected). "Externally Verified" = exact SKU or brand+model found on a credible source (evidence link in Verification Evidence). "Probable Match" = identified as most probably this item — right brand/product family, minor variant differences; see the evidence link. "Not Found Externally" = no convincing match — treat the name with caution. "N/A — Generic/Unbranded" = generic item with no brand/SKU; no manufacturer source can confirm it. Note: internal shop codes (e.g. SBH*, WIN*, TTD*) mostly have no external footprint and land in Not Found Externally.
A16: Reconciliation counts
A17: Total source product rows | B17: 2507
A18: Rows mapped to Product Master | B18: 2502
A19: Rows excluded (non-product) | B19: 5
A20: Distinct products in catalogue | B20: 2502
A21: Unique SKUs | B21: 492
A22: Missing SKUs | B22: 1980
A23: Duplicate/conflicting SKU groups | B23: 28
A24: Classified products | B24: 2423
A25: Unclassified products | B25: 79
A26: Needs Verification | B26: 325
A27: Source stock quantity total | B27: 5924
A28: Externally Verified | B28: 1579
... A31: N/A — Generic/Unbranded | B31: 303

Sheet Product Master
A1: SKU | B1: Product Name | C1: Category | D1: Subcategory | E1: Brand | F1: Model / Series | G1: Colour | H1: Size / Variant | I1: Compatible Bike Make | J1: Compatible Bike Model | K1: Product Description | L1: Stock Quantity | M1: Sale Price | N1: Purchase Price | O1: Available Quantity | P1: Reserved Quantity | Q1: Stock Value | R1: Verification Status | S1: Source Reference | T1: SKU Unique Weight | U1: External Verification | V1: Verification Evidence
A2: Missing SKU | B2: BOOT RAIN COVER | C2: Covers | D2: Bike Covers | K2: BOOT RAIN COVER (SKU: Missing SKU). | L2: 4 | M2: 0 | N2: 42.37 | O2: 4 | P2: 0 | Q2: 169.48 | R2: Source-Parsed | S2: Stock Summary Report — Row 5 | T2: =IF(A2="Missing SKU",0,1/COUNTIFS($A$2:$A$2503,A2)) | U2: N/A — Generic/Unbranded
A3: Missing SKU | B3: CARRIER | C3: Luggage & Storage | D3: Carriers & Racks | K3: CARRIER (SKU: Missing SKU). | L3: -1 | M3: 1125 | N3: 62.5 | O3: -1 | P3: 0 | Q3: 0 | R3: Source-Parsed | S3: Stock Summary Report — Row 6 | T3: =IF(A3="Missing SKU",0,1/COUNTIFS($A$2:$A$2503,A3)) | U3: N/A — Generic/Unbranded
A4: Missing SKU | B4: CARRIER&BACKREST | C4: Body Parts & Panels | D4: Backrests | K4: CARRIER&BACKREST (SKU: Missing SKU). | L4: 0 | M4: 3200 | N4: 70.31 | O4: 0 | P4: 0 | Q4: 0 | R4: Source-Parsed | S4: Stock Summary Report — Row 7 | T4: =IF(A4="Missing SKU",0,1/COUNTIFS($A$2:$A$2503,A4)) | U4: N/A — Generic/Unbranded
A5: Missing SKU | B5: CG WITH SLIDER | C5: Crash Protection | D5: Crash Guards & Sliders | K5: CG WITH SLIDER (SKU: Missing SKU). | L5: 1 | M5: 0 | N5: 351.56 | O5: 1 | P5: 0 | Q5: 351.56 | R5: Source-Parsed | S5: Stock Summary Report — Row 8 | T5: =IF(A5="Missing SKU",0,1/COUNTIFS($A$2:$A$2503,A5)) | U5: N/A — Generic/Unbranded
A6: Missing SKU | B6: CHAIN CLEANER BRUSH RED AND BLACK | C6: Maintenance & Cleaning | D6: Chain Cleaners | G6: RED | K6: CHAIN CLEANER BRUSH RED AND BLACK (SKU: Missing SKU). Colour: RED. | L6: -2 | M6: 100 | N6: 6.25 | O6: -2 | P6: 0 | Q6: 0 | R6: Source-Parsed | S6: Stock Summary Report — Row 9 | T6: =IF(A6="Missing SKU",0,1/COUNTIFS($A$2:$A$2503,A6)) | U6: N/A — Generic/Unbranded
A7: Missing SKU | B7: CLOTH | C7: Maintenance & Cleaning | D7: Cleaning Products | K7: CLOTH (SKU: Missing SKU). | L7: 0 | M7: 100 | N7: 100 | O7: 0 | P7: 0 | Q7: 0 | R7: Source-Parsed | S7: Stock Summary Report — Row 10 | T7: =IF(A7="Missing SKU",0,1/COUNTIFS($A$2:$A$2503,A7)) | U7: N/A — Generic/Unbranded
A8: Missing SKU | B8: CRASHGUARD | C8: Crash Protection | D8: Crash Guards & Sliders | K8: CRASHGUARD (SKU: Missing SKU). | L8: 1 | M8: 6000 | N8: 390.62 | O8: 1 | P8: 0 | Q8: 359.38 | R8: Source-Parsed | S8: Stock Summary Report — Row 11 | T8: =IF(A8="Missing SKU",0,1/COUNTIFS($A$2:$A$2503,A8)) | U8: N/A — Generic/Unbranded
A9: Missing SKU | B9: HANDLE | C9: Mirrors & Handlebar Accessories | D9: Handlebar Controls | K9: HANDLE (SKU: Missing SKU). | L9: -1 | M9: 2500 | N9: 234.37 | O9: -1 | P9: 0 | Q9: 0 | R9: Source-Parsed | S9: Stock Summary Report — Row 12 | T9: =IF(A9="Missing SKU",0,1/COUNTIFS($A$2:$A$2503,A9)) | U9: N/A — Generic/Unbranded
A10: Missing SKU | B10: HAZARD | C10: Lighting & Electrical | D10: Indicators & Flashers | K10: HAZARD (SKU: Missing SKU). | L10: 7 | M10: 0 | N10: 84.74 | O10: 7 | P10: 0 | Q10: 593.18 | R10: Source-Parsed | S10: Stock Summary Report — Row 13 | T10: =IF(A10="Missing SKU",0,1/COUNTIFS($A$2:$A$2503,A10)) | U10: N/A — Generic/Unbranded
A11: Missing SKU | B11: HEAD MOUNT | C11: Unclassified — Needs Verification | K11: HEAD MOUNT (SKU: Missing SKU). | L11: 1 | M11: 350 | N11: 218.75 | O11: 1 | P11: 0 | Q11: 218.75 | R11: Needs Verification | S11: Stock Summary Report — Row 14 | T11: =IF(A11="Missing SKU",0,1/COUNTIFS($A$2:$A$2503,A11)) | U11: N/A — Generic/Unbranded
A12: Missing SKU | B12: HEADLIGHT SHIELD | C12: Lighting & Electrical | D12: Headlights | K12: HEADLIGHT SHIELD (SKU: Missing SKU). | L12: 0 | M12: 1099 | N12: 54.69 | O12: 0 | P12: 0 | Q12: 0 | R12: Source-Parsed | S12: Stock Summary Report — Row 15 | T12: =IF(A12="Missing SKU",0,1/COUNTIFS($A$2:$A$2503,A12)) | U12: N/A — Generic/Unbranded
A13: Missing SKU | B13: MICRO FIBER AND HELMET CAP | C13: Helmets | K13: MICRO FIBER AND HELMET CAP (SKU: Missing SKU). | L13: 13 | M13: 2300 | N13: 9.52 | O13: 13 | P13: 0 | Q13: 123.76 | R13: Source-Parsed | S13: Stock Summary Report — Row 16 | T13: =IF(A13="Missing SKU",0,1/COUNTIFS($A$2:$A$2503,A13)) | U13: N/A — Generic/Unbranded
A14: Missing SKU | B14: MOTORCYCLE TUBE CLAMP | C14: Tyres & Wheels | D14: Tyres | K14: MOTORCYCLE TUBE CLAMP (SKU: Missing SKU). | L14: 2 | M14: 450 | N14: 59.32 | O14: 2 | P14: 0 | Q14: 118.64 | R14: Source-Parsed | S14: Stock Summary Report — Row 17 | T14: =IF(A14="Missing SKU",0,1/COUNTIFS($A$2:$A$2503,A14)) | U14: N/A — Generic/Unbranded
A15: Missing SKU | B15: SADDLE STAY | C15: Luggage & Storage | D15: Saddle Stays | K15: SADDLE STAY (SKU: Missing SKU). | L15: 1 | M15: 0 | N15: 93.75 | O15: 1 | P15: 0 | Q15: 93.75 | R15: Source-Parsed | S15: Stock Summary Report — Row 18 | T15: =IF(A15="Missing SKU",0,1/COUNTIFS($A$2:$A$2503,A15)) | U15: N/A — Generic/Unbranded
A16: Missing SKU | B16: SADDLESTAY | C16: Luggage & Storage | D16: Saddle Stays | K16: SADDLESTAY (SKU: Missing SKU). | L16: 1 | M16: 0 | N16: 507.81 | O16: 1 | P16: 0 | Q16: 507.81 | R16: Source-Parsed | S16: Stock Summary Report — Row 19 | T16: =IF(A16="Missing SKU",0,1/COUNTIFS($A$2:$A$2503,A16)) | U16: N/A — Generic/Unbranded
A17: Missing SKU | B17: SCALE MODEL HELMET | C17: Merchandise & Decals | D17: Scale Models | K17: SCALE MODEL HELMET (SKU: Missing SKU). | L17: 6 | M17: 1400 | N17: 101.7 | O17: 6 | P17: 0 | Q17: 560.6 | R17: Source-Parsed | S17: Stock Summary Report — Row 20 | T17: =IF(A17="Missing SKU",0,1/COUNTIFS($A$2:$A$2503,A17)) | U17: N/A — Generic/Unbranded
A18: Missing SKU | B18: SUCTION MAGNETIC SMALL ROD | C18: Unclassified — Needs Verification | K18: SUCTION MAGNETIC SMALL ROD (SKU: Missing SKU). | L18: 1 | M18: 0 | N18: 39.06 | O18: 1 | P18: 0 | Q18: 39.06 | R18: Needs Verification | S18: Stock Summary Report — Row 21 | T18: =IF(A18="Missing SKU",0,1/COUNTIFS($A$2:$A$2503,A18)) | U18: N/A — Generic/Unbranded
A19: Missing SKU | B19: TOPCASE | C19: Luggage & Storage | D19: Top Boxes | K19: TOPCASE (SKU: Missing SKU). | L19: -1 | M19: 5800 | N19: 335.94 | O19: -1 | P19: 0 | Q19: 0 | R19: Source-Parsed | S19: Stock Summary Report — Row 22 | T19: =IF(A19="Missing SKU",0,1/COUNTIFS($A$2:$A$2503,A19)) | U19: N/A — Generic/Unbranded
A20: Missing SKU | B20: WINGLET | C20: Body Parts & Panels | D20: Winglets | K20: WINGLET (SKU: Missing SKU). | L20: 0 | M20: 78.13 | N20: 19.53 | O20: 0 | P20: 0 | Q20: 0 | R20: Source-Parsed | S20: Stock Summary Report — Row 23 | T20: =IF(A20="Missing SKU",0,1/COUNTIFS($A$2:$A$2503,A20)) | U20: N/A — Generic/Unbranded
A21: Missing SKU | B21: 100% GLASSES | C21: Helmets | D21: Riding Eyewear | E21: 100% | F21: GLASSES | K21: 100% GLASSES (SKU: Missing SKU). Brand: 100%. Model/Series: GLASSES. | L21: 4 | M21: 1250 | N21: 600 | O21: 4 | P21: 0 | Q21: 2033.9 | R21: Source-Parsed | S21: Stock Summary Report — Row 24 | T21: =IF(A21="Missing SKU",0,1/COUNTIFS($A$2:$A$2503,A21)) | U21: Probable Match | V21: https://www.motosport.com/100-percent?mmy=KAWASAKI%3BKLX140L%3B2024&shopallrlp=1-dirt-bike-parts
A22: Missing SKU | B22: 12LED STRIP 2*14 | C22: Lighting & Electrical | D22: LED Accessories | K22: 12LED STRIP 2*14 (SKU: Missing SKU). | L22: 5 | M22: 0 | N22: 105 | O22: 5 | P22: 0 | Q22: 444.92 | R22: Source-Parsed | S22: Stock Summary Report — Row 25 | T22: =IF(A22="Missing SKU",0,1/COUNTIFS($A$2:$A$2503,A22)) | U22: N/A — Generic/Unbranded
A23: 177 | B23: BAR END Mirror CHROME PLATED | C23: Mirrors & Handlebar Accessories | D23: Mirrors | G23: CHROME | K23: BAR END Mirror CHROME PLATED (SKU: 177). Colour: CHROME. | L23: 12 | M23: 1100 | N23: 500 | O23: 12 | P23: 0 | Q23: 6048.73 | R23: Source-Parsed | S23: Stock Summary Report — Row 26 | T23: =IF(A23="Missing SKU",0,1/COUNTIFS($A$2:$A$2503,A23)) | U23: Probable Match | V23: https://www.alchemyparts.co.uk/pair-of-chrome-round-bar-end-motorcycle-motorbike-mirrors/
A24: Missing SKU | B24: 2 LED FEATURE FOG LAMP USERIES | C24: Lighting & Electrical | D24: Auxiliary Lights | K24: 2 LED FEATURE FOG LAMP USERIES (SKU: Missing SKU). | L24: 1 | M24: 0 | N24: 400 | O24: 1 | P24: 0 | Q24: 400 | R24: Source-Parsed | S24: Stock Summary Report — Row 27 | T24: =IF(A24="Missing SKU",0,1/COUNTIFS($A$2:$A$2503,A24)) | U24: N/A — Generic/Unbranded
A25: Missing SKU | B25: 2 LED OWL LIGHT | C25: Lighting & Electrical | D25: LED Accessories | K25: 2 LED OWL LIGHT (SKU: Missing SKU). | L25: 2 | M25: 0 | N25: 80 | O25: 2 | P25: 0 | Q25: 160 | R25: Source-Parsed | S25: Stock Summary Report — Row 28 | T25: =IF(A25="Missing SKU",0,1/COUNTIFS($A$2:$A$2503,A25)) | U25: N/A — Generic/Unbranded
A26: 349 | B26: 200 NS ROL GOLD KIT (349) | C26: Drive & Transmission | D26: Chains & Sprockets | G26: GOLD | K26: 200 NS ROL GOLD KIT (349) (SKU: 349). Colour: GOLD. | L26: 0 | M26: 2777 | N26: 2561 | O26: 0 | P26: 0 | Q26: 0 | R26: Source-Parsed | S26: Stock Summary Report — Row 29 | T26: =IF(A26="Missing SKU",0,1/COUNTIFS($A$2:$A$2503,A26)) | U26: Probable Match | V26: https://www.indiamart.com/proddetail/chain-sprocket-kit-for-ktm-duke-390-23302980233.html
A27: Missing SKU | B27: 3000 4T PLUS 15W50 2.5LTR | C27: Engine Oils & Lubricants | E27: Motul | K27: 3000 4T PLUS 15W50 2.5LTR (SKU: Missing SKU). Brand: Motul. | L27: 1 | M27: 0 | N27: 990 | O27: 1 | P27: 0 | Q27: 711.04 | R27: Source-Parsed | S27: Stock Summary Report — Row 30 | T27: =IF(A27="Missing SKU",0,1/COUNTIFS($A$2:$A$2503,A27)) | U27: Externally Verified | V27: https://www.indiamart.com/proddetail/motul-3000-4t-plus-bike-engine-oil-2852554385712.html
A28: Missing SKU | B28: 3100 GOLD 20W50 4T 1 LTR | C28: Engine Oils & Lubricants | E28: Motul | G28: GOLD | K28: 3100 GOLD 20W50 4T 1 LTR (SKU: Missing SKU). Brand: Motul. Colour: GOLD. | L28: 0 | M28: 0 | N28: 440 | O28: 0 | P28: 0 | Q28: 0 | R28: Source-Parsed | S28: Stock Summary Report — Row 31 | T28: =IF(A28="Missing SKU",0,1/COUNTIFS($A$2:$A$2503,A28)) | U28: Externally Verified | V28: https://www.moglix.com/motul-3100-gold-4t-20w50-1l-technosynthese-synthetic-blend-engine-oil/mp/msng9vnvmer6kp
A29: Missing SKU | B29: 3100 GOLD 20W50 4T 1LTR | C29: Engine Oils & Lubricants | E29: Motul | G29: GOLD | K29: 3100 GOLD 20W50 4T 1LTR (SKU: Missing SKU). Brand: Motul. Colour: GOLD. | L29: 2 | M29: 560 | N29: 445 | O29: 2 | P29: 0 | Q29: 754.28 | R29: Source-Parsed | S29: Stock Summary Report — Row 32 | T29: =IF(A29="Missing SKU",0,1/COUNTIFS($A$2:$A$2503,A29)) | U29: Externally Verified | V29: https://www.moglix.com/motul-3100-gold-4t-20w50-1l-technosynthese-synthetic-blend-engine-oil/mp/msng9vnvmer6kp
A30: Missing SKU | B30: 3100 GOLD 4T 15W 50 1.7LTR | C30: Engine Oils & Lubricants | E30: Motul | G30: GOLD | K30: 3100 GOLD 4T 15W 50 1.7LTR (SKU: Missing SKU). Brand: Motul. Colour: GOLD. | L30: 2 | M30: 949 | N30: 860 | O30: 2 | P30: 0 | Q30: 1253.29 | R30: Source-Parsed | S30: Stock Summary Report — Row 33 | T30: =IF(A30="Missing SKU",0,1/COUNTIFS($A$2:$A$2503,A30)) | U30: Externally Verified | V30: https://www.moglix.com/motul-3100-gold-4t-20w50-1l-technosynthese-synthetic-blend-engine-oil/mp/msng9vnvmer6kp
A31: Missing SKU | B31: 3100 GOLD 4T 15W 50 2.5LTR | C31: Engine Oils & Lubricants | E31: Motul | G31: GOLD | K31: 3100 GOLD 4T 15W 50 2.5LTR (SKU: Missing SKU). Brand: Motul. Colour: GOLD. | L31: 4 | M31: 0 | N31: 1220 | O31: 4 | P31: 0 | Q31: 3291.6 | R31: Source-Parsed | S31: Stock Summary Report — Row 34 | T31: =IF(A31="Missing SKU",0,1/COUNTIFS($A$2:$A$2503,A31)) | U31: Externally Verified | V31: https://www.moglix.com/motul-3100-gold-4t-20w50-1l-technosynthese-synthetic-blend-engine-oil/mp/msng9vnvmer6kp
A32: Missing SKU | B32: 3100 GOLD 4T 20W50 1.2 LTR | C32: Engine Oils & Lubricants | E32: Motul | G32: GOLD | K32: 3100 GOLD 4T 20W50 1.2 LTR (SKU: Missing SKU). Brand: Motul. Colour: GOLD. | L32: 4 | M32: 640 | N32: 530 | O32: 4 | P32: 0 | Q32: 1796.7 | R32: Source-Parsed | S32: Stock Summary Report — Row 35 | T32: =IF(A32="Missing SKU",0,1/COUNTIFS($A$2:$A$2503,A32)) | U32: Externally Verified | V32: https://www.moglix.com/motul-3100-gold-4t-20w50-1l-technosynthese-synthetic-blend-engine-oil/mp/msng9vnvmer6kp
A33: Missing SKU | B33: 3M TAPE | C33: Tools & Workshop Equipment | D33: Consumables | E33: 3M | F33: TAPE | K33: 3M TAPE (SKU: Missing SKU). Brand: 3M. Model/Series: TAPE. | L33: 8 | M33: 181 | N33: 98 | O33: 8 | P33: 0 | Q33: 649.15 | R33: Source-Parsed | S33: Stock Summary Report — Row 36 | T33: =IF(A33="Missing SKU",0,1/COUNTIFS($A$2:$A$2503,A33)) | U33: Not Found Externally | V33: https://www.meesho.com/vhb-double-sided-tape-heavy-duty-3m-super-strong-mounting-tape-holds-67kg-all-weather-waterproof-tape-for-indoor-outdoor-automotive-use/p/ay0723
A34: Missing SKU | B34: 4-SIDED GRIP MOBILE HOLDER MOUNT - BLACK | C34: Mirrors & Handlebar Accessories | D34: Handlebar Controls | G34: BLACK | K34: 4-SIDED GRIP MOBILE HOLDER MOUNT - BLACK (SKU: Missing SKU). Colour: BLACK. | L34: 1 | M34: 1800 | N34: 1651 | O34: 1 | P34: 0 | Q34: 744.59 | R34: Source-Parsed | S34: Stock Summary Report — Row 37 | T34: =IF(A34="Missing SKU",0,1/COUNTIFS($A$2:$A$2503,A34)) | U34: N/A — Generic/Unbranded
A35: Missing SKU | B35: 4100 ECOMILE 5W 30 3.5LTR | C35: Engine Oils & Lubricants | E35: Motul | K35: 4100 ECOMILE 5W 30 3.5LTR (SKU: Missing SKU). Brand: Motul. | L35: 0 | M35: 0 | N35: 1380 | O35: 0 | P35: 0 | Q35: 0 | R35: Source-Parsed | S35: Stock Summary Report — Row 38 | T35: =IF(A35="Missing SKU",0,1/COUNTIFS($A$2:$A$2503,A35)) | U35: Externally Verified | V35: https://www.indiamart.com/proddetail/3-5l-motul-4100-ecomile-engine-oil-25254926462.html?pos=1&nh=Y
A36: Missing SKU | B36: 5100 4T 10W40 1 LTR | C36: Engine Oils & Lubricants | E36: Motul | K36: 5100 4T 10W40 1 LTR (SKU: Missing SKU). Brand: Motul. | L36: 0 | M36: 530 | N36: 530 | O36: 0 | P36: 0 | Q36: 0 | R36: Source-Parsed | S36: Stock Summary Report — Row 39 | T36: =IF(A36="Missing SKU",0,1/COUNTIFS($A$2:$A$2503,A36)) | U36: Externally Verified | V36: https://www.flipkart.com/motul-5100-4t-10w-40-semi-synthetic-grade-blend-engine-oil/p/itm7ad23809aa27d?pid=VLUFQ2MGTGSNUYNM&lid=LSTVLUFQ2MGTGSNUYNMFOVLHB&hl_lid&marketplace=FLIPKART&fm=eyJ3dHAiOiJhdGxhc19hZHNfaG9yaXpvbnRhbF9wbXVfY2Fyb3VzZWwiLCJwcnB0Ijoic3AifQ%3D%3D&affid=inf_c5ff269b-5175-478e-94e6-163fafa5
A37: Missing SKU | B37: 5100 4T 15W50 1 LTR | C37: Engine Oils & Lubricants | E37: Motul | K37: 5100 4T 15W50 1 LTR (SKU: Missing SKU). Brand: Motul. | L37: 4 | M37: 0 | N37: 500 | O37: 4 | P37: 0 | Q37: 1695 | R37: Source-Parsed | S37: Stock Summary Report — Row 40 | T37: =IF(A37="Missing SKU",0,1/COUNTIFS($A$2:$A$2503,A37)) | U37: Externally Verified | V37: https://www.ubuy.co.in/product/M0VGPFMS-motul-5100-4t-15w50-1litter-104080
A38: Missing SKU | B38: 55 LTR TOP BOX METAL LGP | C38: Luggage & Storage | D38: Top Boxes | E38: LGP | K38: 55 LTR TOP BOX METAL LGP (SKU: Missing SKU). Brand: LGP. | L38: 3 | M38: 10200 | N38: 13500 | O38: 3 | P38: 0 | Q38: 16302.97 | R38: Source-Parsed | S38: Stock Summary Report — Row 41 | T38: =IF(A38="Missing SKU",0,1/COUNTIFS($A$2:$A$2503,A38)) | U38: Externally Verified | V38: https://lgpindia.com/collections/top-box?page=3
A39: Missing SKU | B39: 66 BHP BALACLAVA BLACK | C39: Riding Jackets & Apparel | D39: Headwear | E39: 66 BHP | F39: BALACLAVA | G39: BLACK | K39: 66 BHP BALACLAVA BLACK (SKU: Missing SKU). Brand: 66 BHP. Model/Series: BALACLAVA. Colour: BLACK. | L39: 103 | M39: 250 | N39: 124.5 | O39: 103 | P39: 0 | Q39: 11860 | R39: Source-Parsed | S39: Stock Summary Report — Row 42 | T39: =IF(A39="Missing SKU",0,1/COUNTIFS($A$2:$A$2503,A39)) | U39: Externally Verified | V39: https://www.66bhp.com/products/motorcycle-balaclava?_pos=1&_sid=19eced32e&_ss=r
A40: Missing SKU | B40: 66 BHP BAMBOO TERY SOCKS | C40: Riding Jackets & Apparel | D40: Socks | E40: 66 BHP | F40: BAMBOO TERY SOCKS | K40: 66 BHP BAMBOO TERY SOCKS (SKU: Missing SKU). Brand: 66 BHP. Model/Series: BAMBOO TERY SOCKS. | L40: 2 | M40: 499 | N40: 299.5 | O40: 2 | P40: 0 | Q40: 570.48 | R40: Source-Parsed | S40: Stock Summary Report — Row 43 | T40: =IF(A40="Missing SKU",0,1/COUNTIFS($A$2:$A$2503,A40)) | U40: Externally Verified | V40: https://66bhp.com/products/bamboo-socks-men-women-buy-2-get-1-free-combo-pack
A41: Missing SKU | B41: 66 BHP CHAIN LUB | C41: Drive & Transmission | D41: Chains & Sprockets | E41: 66 BHP | F41: CHAIN LUB | K41: 66 BHP CHAIN LUB (SKU: Missing SKU). Brand: 66 BHP. Model/Series: CHAIN LUB. | L41: -4 | M41: 200 | N41: 0 | O41: -4 | P41: 0 | Q41: 0 | R41: Source-Parsed | S41: Stock Summary Report — Row 44 | T41: =IF(A41="Missing SKU",0,1/COUNTIFS($A$2:$A$2503,A41)) | U41: Externally Verified | V41: http://66bhp.com/collections/all
A42: Missing SKU | B42: 66 BHP HALF HEAD CAP | C42: Riding Jackets & Apparel | D42: Headwear | E42: 66 BHP | F42: HALF HEAD CAP | K42: 66 BHP HALF HEAD CAP (SKU: Missing SKU). Brand: 66 BHP. Model/Series: HALF HEAD CAP. | L42: 86 | M42: 180 | N42: 99.5 | O42: 86 | P42: 0 | Q42: 8149.52 | R42: Source-Parsed | S42: Stock Summary Report — Row 45 | T42: =IF(A42="Missing SKU",0,1/COUNTIFS($A$2:$A$2503,A42)) | U42: Externally Verified | V42: https://www.66bhp.com/products/skull-cap
A43: Missing SKU | B43: 66 BHP HAND SLEEVE | C43: Riding Jackets & Apparel | D43: Arm Sleeves | E43: 66 BHP | F43: HAND SLEEVE | K43: 66 BHP HAND SLEEVE (SKU: Missing SKU). Brand: 66 BHP. Model/Series: HAND SLEEVE. | L43: 27 | M43: 218.1 | N43: 124.5 | O43: 27 | P43: 0 | Q43: 3201.43 | R43: Source-Parsed | S43: Stock Summary Report — Row 46 | T43: =IF(A43="Missing SKU",0,1/COUNTIFS($A$2:$A$2503,A43)) | U43: Externally Verified | V43: http://66bhp.com/collections/all
A44: Missing SKU | B44: 66BHP Chain Cleaner Kit NEW-Blue | C44: Maintenance & Cleaning | D44: Chain Cleaners | E44: 66 BHP | G44: BLUE | K44: 66BHP Chain Cleaner Kit NEW-Blue (SKU: Missing SKU). Brand: 66 BHP. Colour: BLUE. | L44: -7 | M44: 480 | N44: 480 | O44: -7 | P44: 0 | Q44: 0 | R44: Source-Parsed | S44: Stock Summary Report — Row 47 | T44: =IF(A44="Missing SKU",0,1/COUNTIFS($A$2:$A$2503,A44)) | U44: Probable Match | V44: https://www.66bhp.com/products/chain-lube-cleaner-kit-combo
A45: Missing SKU | B45: 66BHP RAIN COAT FLUORESCENT GREEN L | C45: Riding Jackets & Apparel | D45: Rainwear | E45: 66 BHP | G45: FLUORESCENT | H45: L | K45: 66BHP RAIN COAT FLUORESCENT GREEN L (SKU: Missing SKU). Brand: 66 BHP. Colour: FLUORESCENT. Size: L. | L45: 0 | M45: 1300 | N45: 1312 | O45: 0 | P45: 0 | Q45: 0 | R45: Source-Parsed | S45: Stock Summary Report — Row 48 | T45: =IF(A45="Missing SKU",0,1/COUNTIFS($A$2:$A$2503,A45)) | U45: Externally Verified | V45: http://throttlerz.com/product/66bhp-strom-x-rain-coat-neon/
A46: Missing SKU | B46: 66BHP RAIN COAT FLOURSENT GREEN M | C46: Riding Jackets & Apparel | D46: Rainwear | E46: 66 BHP | G46: GREEN | H46: M | K46: 66BHP RAIN COAT FLOURSENT GREEN M (SKU: Missing SKU). Brand: 66 BHP. Colour: GREEN. Size: M. | L46: 0 | M46: 1650 | N46: 1312 | O46: 0 | P46: 0 | Q46: 0 | R46: Source-Parsed | S46: Stock Summary Report — Row 49 | T46: =IF(A46="Missing SKU",0,1/COUNTIFS($A$2:$A$2503,A46)) | U46: Externally Verified | V46: http://throttlerz.com/product/66bhp-strom-x-rain-coat-neon/
A47: Missing SKU | B47: 66BHP SEMI CERAMIC BRAKE PADS (66SP-182) | C47: Braking Components | E47: 66 BHP | K47: 66BHP SEMI CERAMIC BRAKE PADS (66SP-182) (SKU: Missing SKU). Brand: 66 BHP. | L47: 1 | M47: 799 | N47: 559.3 | O47: 1 | P47: 0 | Q47: 473.98 | R47: Source-Parsed | S47: Stock Summary Report — Row 50 | T47: =IF(A47="Missing SKU",0,1/COUNTIFS($A$2:$A$2503,A47)) | U47: Probable Match | V47: https://www.motofystore.in/products/66bhp-semi-ceramic-brake-pads-66sp947
A48: Missing SKU | B48: 66BHP SEMI CERAMIC BREAKE PADS (66SP-432) | C48: Braking Components | E48: 66 BHP | K48: 66BHP SEMI CERAMIC BREAKE PADS (66SP-432) (SKU: Missing SKU). Brand: 66 BHP. | L48: 1 | M48: 799 | N48: 0 | O48: 1 | P48: 0 | Q48: 0 | R48: Source-Parsed | S48: Stock Summary Report — Row 51 | T48: =IF(A48="Missing SKU",0,1/COUNTIFS($A$2:$A$2503,A48)) | U48: Probable Match | V48: https://www.motofystore.in/products/66bhp-semi-ceramic-brake-pads-66sp947
A49: Missing SKU | B49: 66BHP SEMI CERAMIC BREAKE PADS (66SP-9068) | C49: Braking Components | E49: 66 BHP | K49: 66BHP SEMI CERAMIC BREAKE PADS (66SP-9068) (SKU: Missing SKU). Brand: 66 BHP. | L49: 9 | M49: 799 | N49: 519.35 | O49: 9 | P49: 0 | Q49: 3961.14 | R49: Source-Parsed | S49: Stock Summary Report — Row 52 | T49: =IF(A49="Missing SKU",0,1/COUNTIFS($A$2:$A$2503,A49)) | U49: Probable Match | V49: https://www.motofystore.in/products/66bhp-semi-ceramic-brake-pads-66sp947
A50: Missing SKU | B50: 66BHP SEMI CERAMIC BREAKE PADS (66SP-953) | C50: Braking Components | E50: 66 BHP | K50: 66BHP SEMI CERAMIC BREAKE PADS (66SP-953) (SKU: Missing SKU). Brand: 66 BHP. | L50: 4 | M50: 799 | N50: 559.3 | O50: 4 | P50: 0 | Q50: 1895.93 | R50: Source-Parsed | S50: Stock Summary Report — Row 53 | T50: =IF(A50="Missing SKU",0,1/COUNTIFS($A$2:$A$2503,A50)) | U50: Probable Match | V50: https://www.motofystore.in/products/66bhp-semi-ceramic-brake-pads-66sp947
A51: Missing SKU | B51: 66BHP SEMI CERAMIC BRAKE PADS (66SP-250/2) | C51: Braking Components | E51: 66 BHP | K51: 66BHP SEMI CERAMIC BRAKE PADS (66SP-250/2) (SKU: Missing SKU). Brand: 66 BHP. | L51: 5 | M51: 799 | N51: 559.3 | O51: 5 | P51: 0 | Q51: 2369.92 | R51: Source-Parsed | S51: Stock Summary Report — Row 54 | T51: =IF(A51="Missing SKU",0,1/COUNTIFS($A$2:$A$2503,A51)) | U51: Probable Match | V51: https://www.motofystore.in/products/66bhp-semi-ceramic-brake-pads-66sp947
A52: Missing SKU | B52: 66BHP SEMI CEREMIC BREAKE PARDS (66SP-432) | C52: Braking Components | E52: 66 BHP | K52: 66BHP SEMI CEREMIC BREAKE PARDS (66SP-432) (SKU: Missing SKU). Brand: 66 BHP. | L52: 2 | M52: 799 | N52: 519.35 | O52: 2 | P52: 0 | Q52: 811.48 | R52: Source-Parsed | S52: Stock Summary Report — Row 55 | T52: =IF(A52="Missing SKU",0,1/COUNTIFS($A$2:$A$2503,A52)) | U52: Probable Match | V52: https://www.motofystore.in/products/66bhp-semi-ceramic-brake-pads-66sp947
A53: Missing SKU | B53: 66BHP SEMI CEREMIC BREAKE PARDS (66SP-947) | C53: Braking Components | E53: 66 BHP | K53: 66BHP SEMI CEREMIC BREAKE PARDS (66SP-947) (SKU: Missing SKU). Brand: 66 BHP. | L53: 1 | M53: 799 | N53: 559.3 | O53: 1 | P53: 0 | Q53: 473.98 | R53: Source-Parsed | S53: Stock Summary Report — Row 56 | T53: =IF(A53="Missing SKU",0,1/COUNTIFS($A$2:$A$2503,A53)) | U53: Probable Match | V53: https://www.motofystore.in/products/66bhp-semi-ceramic-brake-pads-66sp947
A54: Missing SKU | B54: 66BHP SHAMPOO 250ML | C54: Maintenance & Cleaning | D54: Cleaning Products | E54: 66 BHP | K54: 66BHP SHAMPOO 250ML (SKU: Missing SKU). Brand: 66 BHP. | L54: 23 | M54: 100 | N54: 65 | O54: 23 | P54: 0 | Q54: 1266.95 | R54: Source-Parsed | S54: Stock Summary Report — Row 57 | T54: =IF(A54="Missing SKU",0,1/COUNTIFS($A$2:$A$2503,A54)) | U54: Externally Verified | V54: https://www.66bhp.com/pages/search-results-page?page=2&q=products
A55: Missing SKU | B55: 66BHP SHAMPOO 250ML` | C55: Maintenance & Cleaning | D55: Cleaning Products | E55: 66 BHP | K55: 66BHP SHAMPOO 250ML` (SKU: Missing SKU). Brand: 66 BHP. | L55: 0 | M55: 100 | N55: 0 | O55: 0 | P55: 0 | Q55: 0 | R55: Source-Parsed | S55: Stock Summary Report — Row 58 | T55: =IF(A55="Missing SKU",0,1/COUNTIFS($A$2:$A$2503,A55)) | U55: Externally Verified | V55: https://gtrpitstop.com/products/66bhp-car-bike-shampoo-wax-low-foam-wash
A56: Missing SKU | B56: 66BHP-MICRO FIBER CLOTH 250GSM BLUE | C56: Maintenance & Cleaning | D56: Cleaning Products | E56: 66 BHP | G56: BLUE | K56: 66BHP-MICRO FIBER CLOTH 250GSM BLUE (SKU: Missing SKU). Brand: 66 BHP. Colour: BLUE. | L56: 8 | M56: 75 | N56: 45 | O56: 8 | P56: 0 | Q56: 342.86 | R56: Source-Parsed | S56: Stock Summary Report — Row 59 | T56: =IF(A56="Missing SKU",0,1/COUNTIFS($A$2:$A$2503,A56)) | U56: Externally Verified | V56: https://www.66bhp.com/products/66bhp-premium-250-gsm-microfiber-cloth-ultra-soft-high-absorbency
A57: Missing SKU | B57: 66BHP-MICRO FIBER CLOTH 250GSM PINK | C57: Maintenance & Cleaning | D57: Cleaning Products | E57: 66 BHP | G57: PINK | K57: 66BHP-MICRO FIBER CLOTH 250GSM PINK (SKU: Missing SKU). Brand: 66 BHP. Colour: PINK. | L57: -3 | M57: 75 | N57: 45 | O57: -3 | P57: 0 | Q57: 0 | R57: Source-Parsed | S57: Stock Summary Report — Row 60 | T57: =IF(A57="Missing SKU",0,1/COUNTIFS($A$2:$A$2503,A57)) | U57: Externally Verified | V57: https://www.66bhp.com/products/66bhp-premium-250-gsm-microfiber-cloth-ultra-soft-high-absorbency
A58: Missing SKU | B58: 66BHP-MICRO FIBER CLOTH 250GSM RED | C58: Maintenance & Cleaning | D58: Cleaning Products | E58: 66 BHP | G58: RED | K58: 66BHP-MICRO FIBER CLOTH 250GSM RED (SKU: Missing SKU). Brand: 66 BHP. Colour: RED. | L58: 13 | M58: 75 | N58: 45 | O58: 13 | P58: 0 | Q58: 557.14 | R58: Source-Parsed | S58: Stock Summary Report — Row 61 | T58: =IF(A58="Missing SKU",0,1/COUNTIFS($A$2:$A$2503,A58)) | U58: Externally Verified | V58: https://www.66bhp.com/products/66bhp-premium-250-gsm-microfiber-cloth-ultra-soft-high-absorbency
A59: Missing SKU | B59: 66BHP-MICRO FIBER CLOTH 250GSM VIOLET | C59: Maintenance & Cleaning | D59: Cleaning Products | E59: 66 BHP | K59: 66BHP-MICRO FIBER CLOTH 250GSM VIOLET (SKU: Missing SKU). Brand: 66 BHP. | L59: 0 | M59: 70 | N59: 45 | O59: 0 | P59: 0 | Q59: 0 | R59: Source-Parsed | S59: Stock Summary Report — Row 62 | T59: =IF(A59="Missing SKU",0,1/COUNTIFS($A$2:$A$2503,A59)) | U59: Externally Verified | V59: https://www.66bhp.com/products/66bhp-premium-250-gsm-microfiber-cloth-ultra-soft-high-absorbency
A60: Missing SKU | B60: 66BHP-MICRO FIBER CLOTH 400GSM 40/40- BLUE | C60: Maintenance & Cleaning | D60: Cleaning Products | E60: 66 BHP | G60: BLUE | K60: 66BHP-MICRO FIBER CLOTH 400GSM 40/40- BLUE (SKU: Missing SKU). Brand: 66 BHP. Colour: BLUE. | L60: 17 | M60: 99 | N60: 69.3 | O60: 17 | P60: 0 | Q60: 1107.46 | R60: Source-Parsed | S60: Stock Summary Report — Row 63 | T60: =IF(A60="Missing SKU",0,1/COUNTIFS($A$2:$A$2503,A60)) | U60: Not Found Externally | V60: https://lrlmotors.com/products/66bhp-rider-care-combo-kit-helmet-gear-cleaning-riding-essentials
A61: Missing SKU | B61: 66BHP-MICRO FIBER CLOTH 400GSM 40/40- GREY | C61: Maintenance & Cleaning | D61: Cleaning Products | E61: 66 BHP | G61: GREY | K61: 66BHP-MICRO FIBER CLOTH 400GSM 40/40- GREY (SKU: Missing SKU). Brand: 66 BHP. Colour: GREY. | L61: -3 | M61: 99 | N61: 69.3 | O61: -3 | P61: 0 | Q61: 0 | R61: Source-Parsed | S61: Stock Summary Report — Row 64 | T61: =IF(A61="Missing SKU",0,1/COUNTIFS($A$2:$A$2503,A61)) | U61: Not Found Externally | V61: https://lrlmotors.com/products/66bhp-rider-care-combo-kit-helmet-gear-cleaning-riding-essentials
A62: Missing SKU | B62: 66SP-958 | C62: Unclassified — Needs Verification | K62: 66SP-958 (SKU: Missing SKU). | L62: 3 | M62: 800 | N62: 559.3 | O62: 3 | P62: 0 | Q62: 1421.95 | R62: Needs Verification | S62: Stock Summary Report — Row 65 | T62: =IF(A62="Missing SKU",0,1/COUNTIFS($A$2:$A$2503,A62)) | U62: N/A — Generic/Unbranded
A63: Missing SKU | B63: 7 INCH MINUS HL ASSY | C63: Lighting & Electrical | D63: Headlights | K63: 7 INCH MINUS HL ASSY (SKU: Missing SKU). | L63: 2 | M63: 3400 | N63: 1450 | O63: 2 | P63: 0 | Q63: 2457.63 | R63: Source-Parsed | S63: Stock Summary Report — Row 66 | T63: =IF(A63="Missing SKU",0,1/COUNTIFS($A$2:$A$2503,A63)) | U63: N/A — Generic/Unbranded
A64: Missing SKU | B64: 7100 4T 10W40 1 LTR | C64: Engine Oils & Lubricants | E64: Motul | K64: 7100 4T 10W40 1 LTR (SKU: Missing SKU). Brand: Motul. | L64: 6 | M64: 1980 | N64: 810 | O64: 6 | P64: 0 | Q64: 3507.2 | R64: Source-Parsed | S64: Stock Summary Report — Row 67 | T64: =IF(A64="Missing SKU",0,1/COUNTIFS($A$2:$A$2503,A64)) | U64: Externally Verified | V64: https://www.moglix.com/motul-7100-4t-10w40-1l-ester-synthetic-blend-engine-oil/mp/msnm9xy8rn6mkj
A65: Missing SKU | B65: 7100 4T 10W50 1.5 LTR | C65: Engine Oils & Lubricants | E65: Motul | K65: 7100 4T 10W50 1.5 LTR (SKU: Missing SKU). Brand: Motul. | L65: 1 | M65: 1395 | N65: 1110 | O65: 1 | P65: 0 | Q65: 792.44 | R65: Source-Parsed | S65: Stock Summary Report — Row 68 | T65: =IF(A65="Missing SKU",0,1/COUNTIFS($A$2:$A$2503,A65)) | U65: Externally Verified | V65: https://www.indiamart.com/proddetail/1-5l-motul-7100-4t-10w50-engine-oil-2851794145073.html
A66: Missing SKU | B66: 7100 4T 10W50 1.7 LTR | C66: Engine Oils & Lubricants | E66: Motul | K66: 7100 4T 10W50 1.7 LTR (SKU: Missing SKU). Brand: Motul. | L66: 4 | M66: 1726 | N66: 1430 | O66: 4 | P66: 0 | Q66: 4847.7 | R66: Source-Parsed | S66: Stock Summary Report — Row 69 | T66: =IF(A66="Missing SKU",0,1/COUNTIFS($A$2:$A$2503,A66)) | U66: Externally Verified | V66: https://ridersjunction.com/products/motul-7100-4t-10w50-engine-oil-1l
A67: Missing SKU | B67: 7100 4T 15W50 2.5 LTRS | C67: Engine Oils & Lubricants | E67: Motul | K67: 7100 4T 15W50 2.5 LTRS (SKU: Missing SKU). Brand: Motul. | L67: 1 | M67: 0 | N67: 1850 | O67: 1 | P67: 0 | Q67: 1328.71 | R67: Source-Parsed | S67: Stock Summary Report — Row 70 | T67: =IF(A67="Missing SKU",0,1/COUNTIFS($A$2:$A$2503,A67)) | U67: Externally Verified | V67: https://biker.store/products/motul-7100-4t-15w50-2-5l-fully-synthetic-engine-oil
A68: Missing SKU | B68: 7100 4T 20W50 1 LTR | C68: Engine Oils & Lubricants | E68: Motul | K68: 7100 4T 20W50 1 LTR (SKU: Missing SKU). Brand: Motul. | L68: 7 | M68: 950 | N68: 810 | O68: 7 | P68: 0 | Q68: 4086.61 | R68: Source-Parsed | S68: Stock Summary Report — Row 71 | T68: =IF(A68="Missing SKU",0,1/COUNTIFS($A$2:$A$2503,A68)) | U68: Externally Verified | V68: https://underthehood.co.in/products/motul-7100-4t-20w50-synthetic-ester-motorcycle-engine-oil-1l-15l
A69: Missing SKU | B69: 7100 4T 20W50 1.25 LTR | C69: Engine Oils & Lubricants | E69: Motul | K69: 7100 4T 20W50 1.25 LTR (SKU: Missing SKU). Brand: Motul. | L69: 4 | M69: 1190 | N69: 1060 | O69: 4 | P69: 0 | Q69: 3508.65 | R69: Source-Parsed | S69: Stock Summary Report — Row 72 | T69: =IF(A69="Missing SKU",0,1/COUNTIFS($A$2:$A$2503,A69)) | U69: Externally Verified | V69: https://underthehood.co.in/products/motul-7100-4t-20w50-synthetic-ester-motorcycle-engine-oil-1l-15l
A70: Missing SKU | B70: 7100 4T 20W50 1.25LTR | C70: Engine Oils & Lubricants | E70: Motul | K70: 7100 4T 20W50 1.25LTR (SKU: Missing SKU). Brand: Motul. | L70: 4 | M70: 0 | N70: 1035 | O70: 4 | P70: 0 | Q70: 3508.65 | R70: Source-Parsed | S70: Stock Summary Report — Row 73 | T70: =IF(A70="Missing SKU",0,1/COUNTIFS($A$2:$A$2503,A70)) | U70: Externally Verified | V70: https://underthehood.co.in/products/motul-7100-4t-20w50-synthetic-ester-motorcycle-engine-oil-1l-15l
A71: Missing SKU | B71: 7100 4T 20W50 1.5LTR | C71: Engine Oils & Lubricants | E71: Motul | K71: 7100 4T 20W50 1.5LTR (SKU: Missing SKU). Brand: Motul. | L71: 3 | M71: 1395 | N71: 1155 | O71: 3 | P71: 0 | Q71: 2488.63 | R71: Source-Parsed | S71: Stock Summary Report — Row 74 | T71: =IF(A71="Missing SKU",0,1/COUNTIFS($A$2:$A$2503,A71)) | U71: Externally Verified | V71: https://www.indiamart.com/proddetail/1-5-liter-motul-7100-4t-20w50-bike-engine-oil-2855674940712.html
A72: Missing SKU | B72: 7100 4T 20W50 1LTR | C72: Engine Oils & Lubricants | E72: Motul | K72: 7100 4T 20W50 1LTR (SKU: Missing SKU). Brand: Motul. | L72: 0 | M72: 0 | N72: 740 | O72: 0 | P72: 0 | Q72: 0 | R72: Source-Parsed | S72: Stock Summary Report — Row 75 | T72: =IF(A72="Missing SKU",0,1/COUNTIFS($A$2:$A$2503,A72)) | U72: Externally Verified | V72: https://underthehood.co.in/products/motul-7100-4t-20w50-synthetic-ester-motorcycle-engine-oil-1l-15l
A73: Missing SKU | B73: 77200ABW110S XPULSE RALLY SEAT | C73: Body Parts & Panels | D73: Seats | E73: Hero MotoCorp | I73: HERO | J73: XPULSE | K73: 77200ABW110S XPULSE RALLY SEAT (SKU: Missing SKU). Brand: Hero MotoCorp. Fits: HERO XPULSE. | L73: 1 | M73: 3000 | N73: 2850 | O73: 1 | P73: 0 | Q73: 2173.73 | R73: Source-Parsed | S73: Stock Summary Report — Row 76 | T73: =IF(A73="Missing SKU",0,1/COUNTIFS($A$2:$A$2503,A73)) | U73: Externally Verified | V73: https://partsmybike.com/product/hero-flat-style-taller-seat-77200abw110s-xpulse/
A74: Missing SKU | B74: 77200ACY130S XPULSE210 RALLY SEAT | C74: Body Parts & Panels | D74: Seats | E74: Hero MotoCorp | I74: HERO | J74: XPULSE210 | K74: 77200ACY130S XPULSE210 RALLY SEAT (SKU: Missing SKU). Brand: Hero MotoCorp. Fits: HERO XPULSE210. | L74: -2 | M74: 1450 | N74: 1419 | O74: -2 | P74: 0 | Q74: 0 | R74: Source-Parsed | S74: Stock Summary Report — Row 77 | T74: =IF(A74="Missing SKU",0,1/COUNTIFS($A$2:$A$2503,A74)) | U74: Probable Match | V74: https://redditchonline.com/product/rally-seat-for-xpulse-210/
A75: Missing SKU | B75: A1119 HAND SLEEVE | C75: Riding Jackets & Apparel | D75: Arm Sleeves | K75: A1119 HAND SLEEVE (SKU: Missing SKU). | L75: 9 | M75: 150 | N75: 5 | O75: 9 | P75: 0 | Q75: 45 | R75: Source-Parsed | S75: Stock Summary Report — Row 78 | T75: =IF(A75="Missing SKU",0,1/COUNTIFS($A$2:$A$2503,A75)) | U75: N/A — Generic/Unbranded
A76: Missing SKU | B76: ADDON PRO L2 JACKET MALE 2XL BLACK/GRAY | C76: Riding Jackets & Apparel | E76: ADDON | F76: PRO L2 JACKET | G76: BLACK | H76: 2XL | K76: ADDON PRO L2 JACKET MALE 2XL BLACK/GRAY (SKU: Missing SKU). Brand: ADDON. Model/Series: PRO L2 JACKET. Colour: BLACK. Size: 2XL. | L76: 1 | M76: 0 | N76: 4405.93 | O76: 1 | P76: 0 | Q76: 2846.23 | R76: Source-Parsed | S76: Stock Summary Report — Row 79 | T76: =IF(A76="Missing SKU",0,1/COUNTIFS($A$2:$A$2503,A76)) | U76: Externally Verified | V76: https://lonerangerindia.com/products/mens-riding-jackets-addon-pro-jacket-black-grey
A77: Missing SKU | B77: ADDON PRO L2 JACKET MALE 3XL/ALL BLACK | C77: Riding Jackets & Apparel | E77: ADDON | F77: PRO L2 JACKET | G77: BLACK | H77: 3XL | K77: ADDON PRO L2 JACKET MALE 3XL/ALL BLACK (SKU: Missing SKU). Brand: ADDON. Model/Series: PRO L2 JACKET. Colour: BLACK. Size: 3XL. | L77: 0 | M77: 5199 | N77: 4405.93 | O77: 0 | P77: 0 | Q77: 0 | R77: Source-Parsed | S77: Stock Summary Report — Row 80 | T77: =IF(A77="Missing SKU",0,1/COUNTIFS($A$2:$A$2503,A77)) | U77: Externally Verified | V77: https://lonerangerindia.com/products/mens-riding-jackets-addon-pro-jacket-black-grey
A78: Missing SKU | B78: ADDON PRO L2 JACKET MALE L BLACK/GRAY | C78: Riding Jackets & Apparel | E78: ADDON | F78: PRO L2 JACKET | G78: BLACK | H78: L | K78: ADDON PRO L2 JACKET MALE L BLACK/GRAY (SKU: Missing SKU). Brand: ADDON. Model/Series: PRO L2 JACKET. Colour: BLACK. Size: L. | L78: 0 | M78: 5199 | N78: 4405.93 | O78: 0 | P78: 0 | Q78: 0 | R78: Source-Parsed | S78: Stock Summary Report — Row 81 | T78: =IF(A78="Missing SKU",0,1/COUNTIFS($A$2:$A$2503,A78)) | U78: Externally Verified | V78: https://lonerangerindia.com/products/mens-riding-jackets-addon-pro-jacket-black-grey
A79: Missing SKU | B79: ADDON PRO L2 JACKET MALE L GRAY/NEON | C79: Riding Jackets & Apparel | E79: ADDON | F79: PRO L2 JACKET | G79: GRAY | H79: L | K79: ADDON PRO L2 JACKET MALE L GRAY/NEON (SKU: Missing SKU). Brand: ADDON. Model/Series: PRO L2 JACKET. Colour: GRAY. Size: L. | L79: 0 | M79: 5849 | N79: 4405.93 | O79: 0 | P79: 0 | Q79: 0 | R79: Source-Parsed | S79: Stock Summary Report — Row 82 | T79: =IF(A79="Missing SKU",0,1/COUNTIFS($A$2:$A$2503,A79)) | U79: Externally Verified | V79: https://lonerangerindia.com/products/mens-riding-jackets-addon-pro-jacket-black-grey
A80: Missing SKU | B80: ADDON PRO L2 JACKET MALE M BLACK/GRAY | C80: Riding Jackets & Apparel | E80: ADDON | F80: PRO L2 JACKET | G80: BLACK | H80: M | K80: ADDON PRO L2 JACKET MALE M BLACK/GRAY (SKU: Missing SKU). Brand: ADDON. Model/Series: PRO L2 JACKET. Colour: BLACK. Size: M. | L80: 0 | M80: 5199 | N80: 4405.93 | O80: 0 | P80: 0 | Q80: 0 | R80: Source-Parsed | S80: Stock Summary Report — Row 83 | T80: =IF(A80="Missing SKU",0,1/COUNTIFS($A$2:$A$2503,A80)) | U80: Externally Verified | V80: https://lonerangerindia.com/products/mens-riding-jackets-addon-pro-jacket-black-grey
A81: Missing SKU | B81: ADDON PRO L2 JACKET MALE M GRAY/NEON | C81: Riding Jackets & Apparel | E81: ADDON | F81: PRO L2 JACKET | G81: GRAY | H81: M | K81: ADDON PRO L2 JACKET MALE M GRAY/NEON (SKU: Missing SKU). Brand: ADDON. Model/Series: PRO L2 JACKET. Colour: GRAY. Size: M. | L81: 1 | M81: 0 | N81: 4405.93 | O81: 1 | P81: 0 | Q81: 2846.23 | R81: Source-Parsed | S81: Stock Summary Report — Row 84 | T81: =IF(A81="Missing SKU",0,1/COUNTIFS($A$2:$A$2503,A81)) | U81: Externally Verified | V81: https://lonerangerindia.com/products/mens-riding-jackets-addon-pro-jacket-black-grey
A82: Missing SKU | B82: ADDON PRO L2 JACKET MALE M/ ALL BLACK | C82: Riding Jackets & Apparel | E82: ADDON | F82: PRO L2 JACKET | G82: BLACK | H82: M | K82: ADDON PRO L2 JACKET MALE M/ ALL BLACK (SKU: Missing SKU). Brand: ADDON. Model/Series: PRO L2 JACKET. Colour: BLACK. Size: M. | L82: 1 | M82: 0 | N82: 4405.93 | O82: 1 | P82: 0 | Q82: 2846.23 | R82: Source-Parsed | S82: Stock Summary Report — Row 85 | T82: =IF(A82="Missing SKU",0,1/COUNTIFS($A$2:$A$2503,A82)) | U82: Externally Verified | V82: https://lonerangerindia.com/products/mens-riding-jackets-addon-pro-jacket-black-grey
A83: Missing SKU | B83: ADDON PRO L2 JACKET MALE XL BLACK/GRAY | C83: Riding Jackets & Apparel | E83: ADDON | F83: PRO L2 JACKET | G83: BLACK | H83: XL | K83: ADDON PRO L2 JACKET MALE XL BLACK/GRAY (SKU: Missing SKU). Brand: ADDON. Model/Series: PRO L2 JACKET. Colour: BLACK. Size: XL. | L83: 0 | M83: 5199 | N83: 4405.93 | O83: 0 | P83: 0 | Q83: 0 | R83: Source-Parsed | S83: Stock Summary Report — Row 86 | T83: =IF(A83="Missing SKU",0,1/COUNTIFS($A$2:$A$2503,A83)) | U83: Externally Verified | V83: https://lonerangerindia.com/products/mens-riding-jackets-addon-pro-jacket-black-grey
A84: Missing SKU | B84: ADDON PRO L2 JACKET MALE XL GRAY/NEON | C84: Riding Jackets & Apparel | E84: ADDON | F84: PRO L2 JACKET | G84: GRAY | H84: XL | K84: ADDON PRO L2 JACKET MALE XL GRAY/NEON (SKU: Missing SKU). Brand: ADDON. Model/Series: PRO L2 JACKET. Colour: GRAY. Size: XL. | L84: 0 | M84: 5499 | N84: 4405.93 | O84: 0 | P84: 0 | Q84: 0 | R84: Source-Parsed | S84: Stock Summary Report — Row 87 | T84: =IF(A84="Missing SKU",0,1/COUNTIFS($A$2:$A$2503,A84)) | U84: Externally Verified | V84: https://lonerangerindia.com/products/mens-riding-jackets-addon-pro-jacket-black-grey
A85: Missing SKU | B85: ADDON PRO L2 JACKET MALE XL/ALL BLACK | C85: Riding Jackets & Apparel | E85: ADDON | F85: PRO L2 JACKET | G85: BLACK | H85: XL | K85: ADDON PRO L2 JACKET MALE XL/ALL BLACK (SKU: Missing SKU). Brand: ADDON. Model/Series: PRO L2 JACKET. Colour: BLACK. Size: XL. | L85: 0 | M85: 5199 | N85: 4405.93 | O85: 0 | P85: 0 | Q85: 0 | R85: Source-Parsed | S85: Stock Summary Report — Row 88 | T85: =IF(A85="Missing SKU",0,1/COUNTIFS($A$2:$A$2503,A85)) | U85: Externally Verified | V85: https://lonerangerindia.com/products/mens-riding-jackets-addon-pro-jacket-black-grey
A86: Missing SKU | B86: ADDON PRO L2 JACKET MEN L / BLUE | C86: Riding Jackets & Apparel | E86: ADDON | F86: PRO L2 JACKET | G86: BLUE | H86: L | K86: ADDON PRO L2 JACKET MEN L / BLUE (SKU: Missing SKU). Brand: ADDON. Model/Series: PRO L2 JACKET. Colour: BLUE. Size: L. | L86: 0 | M86: 5199 | N86: 4951.43 | O86: 0 | P86: 0 | Q86: 0 | R86: Source-Parsed | S86: Stock Summary Report — Row 89 | T86: =IF(A86="Missing SKU",0,1/COUNTIFS($A$2:$A$2503,A86)) | U86: Externally Verified | V86: https://lonerangerindia.com/products/mens-riding-jackets-addon-pro-jacket-black-neon-green
A87: Missing SKU | B87: ADDON PRO L2 JACKET MEN L /RUST | C87: Riding Jackets & Apparel | E87: ADDON | F87: PRO L2 JACKET | H87: L | K87: ADDON PRO L2 JACKET MEN L /RUST (SKU: Missing SKU). Brand: ADDON. Model/Series: PRO L2 JACKET. Size: L. | L87: 0 | M87: 5199 | N87: 4951.43 | O87: 0 | P87: 0 | Q87: 0 | R87: Source-Parsed | S87: Stock Summary Report — Row 90 | T87: =IF(A87="Missing SKU",0,1/COUNTIFS($A$2:$A$2503,A87)) | U87: Externally Verified | V87: https://lonerangerindia.com/products/mens-riding-jackets-addon-pro-jacket-black-neon-green
A88: Missing SKU | B88: ADDON PRO L2 JACKET MEN M / BLUE | C88: Riding Jackets & Apparel | E88: ADDON | F88: PRO L2 JACKET | G88: BLUE | H88: M | K88: ADDON PRO L2 JACKET MEN M / BLUE (SKU: Missing SKU). Brand: ADDON. Model/Series: PRO L2 JACKET. Colour: BLUE. Size: M. | L88: 0 | M88: 5199 | N88: 4951.43 | O88: 0 | P88: 0 | Q88: 0 | R88: Source-Parsed | S88: Stock Summary Report — Row 91 | T88: =IF(A88="Missing SKU",0,1/COUNTIFS($A$2:$A$2503,A88)) | U88: Externally Verified | V88: https://lonerangerindia.com/products/mens-riding-jackets-addon-pro-jacket-black-neon-green
A89: Missing SKU | B89: ADDON PRO L2 JACKET MEN M /RUST | C89: Riding Jackets & Apparel | E89: ADDON | F89: PRO L2 JACKET | H89: M | K89: ADDON PRO L2 JACKET MEN M /RUST (SKU: Missing SKU). Brand: ADDON. Model/Series: PRO L2 JACKET. Size: M. | L89: 0 | M89: 5199 | N89: 4951.43 | O89: 0 | P89: 0 | Q89: 0 | R89: Source-Parsed | S89: Stock Summary Report — Row 92 | T89: =IF(A89="Missing SKU",0,1/COUNTIFS($A$2:$A$2503,A89)) | U89: Externally Verified | V89: https://lonerangerindia.com/products/mens-riding-jackets-addon-pro-jacket-black-neon-green
A90: Missing SKU | B90: ADDON PRO L2 JACKET XL/BLACK GREY / NEON | C90: Riding Jackets & Apparel | E90: ADDON | F90: PRO L2 JACKET | G90: BLACK | H90: XL | K90: ADDON PRO L2 JACKET XL/BLACK GREY / NEON (SKU: Missing SKU). Brand: ADDON. Model/Series: PRO L2 JACKET. Colour: BLACK. Size: XL. | L90: 0 | M90: 5299 | N90: 4744.92 | O90: 0 | P90: 0 | Q90: 0 | R90: Source-Parsed | S90: Stock Summary Report — Row 93 | T90: =IF(A90="Missing SKU",0,1/COUNTIFS($A$2:$A$2503,A90)) | U90: Externally Verified | V90: https://theriderhub.com/shop-2/riding-gears/riding-jackets/biking-jackets/lone-randle-addon-pro-jacket-level-2/
A91: Missing SKU | B91: ADDON PRO MAX L2 JACKET XL/ BLACK GREY/ORANGE | C91: Riding Jackets & Apparel | E91: ADDON | F91: PRO MAX L2 | G91: BLACK | H91: XL | K91: ADDON PRO MAX L2 JACKET XL/ BLACK GREY/ORANGE (SKU: Missing SKU). Brand: ADDON. Model/Series: PRO MAX L2. Colour: BLACK. Size: XL. | L91: 0 | M91: 5599 | N91: 4744.92 | O91: 0 | P91: 0 | Q91: 0 | R91: Source-Parsed | S91: Stock Summary Report — Row 94 | T91: =IF(A91="Missing SKU",0,1/COUNTIFS($A$2:$A$2503,A91)) | U91: Externally Verified | V91: https://lonerangerindia.com/products/mens-riding-jackets-addon-pro-max-jacket-black-orange
A92: Missing SKU | B92: ADDON PRO MAXL2 JACKET 2XL/BLACK RED | C92: Riding Jackets & Apparel | E92: ADDON | F92: PRO | G92: BLACK | H92: 2XL | K92: ADDON PRO MAXL2 JACKET 2XL/BLACK RED (SKU: Missing SKU). Brand: ADDON. Model/Series: PRO. Colour: BLACK. Size: 2XL. | L92: 0 | M92: 5599 | N92: 4744.92 | O92: 0 | P92: 0 | Q92: 0 | R92: Source-Parsed | S92: Stock Summary Report — Row 95 | T92: =IF(A92="Missing SKU",0,1/COUNTIFS($A$2:$A$2503,A92)) | U92: Externally Verified | V92: https://lonerangerindia.com/products/mens-riding-jackets-addon-pro-max-jacket-black-orange
A93: Missing SKU | B93: ADDON PRO MAXL2 JACKET L/BLACK RED | C93: Riding Jackets & Apparel | E93: ADDON | F93: PRO | G93: BLACK | H93: L | K93: ADDON PRO MAXL2 JACKET L/BLACK RED (SKU: Missing SKU). Brand: ADDON. Model/Series: PRO. Colour: BLACK. Size: L. | L93: 0 | M93: 5599 | N93: 4744.92 | O93: 0 | P93: 0 | Q93: 0 | R93: Source-Parsed | S93: Stock Summary Report — Row 96 | T93: =IF(A93="Missing SKU",0,1/COUNTIFS($A$2:$A$2503,A93)) | U93: Externally Verified | V93: https://lonerangerindia.com/products/mens-riding-jackets-addon-pro-max-jacket-black-orange
A94: Missing SKU | B94: ADDON PRO MAXL2 JACKET XL/BLACK RED | C94: Riding Jackets & Apparel | E94: ADDON | F94: PRO | G94: BLACK | H94: XL | K94: ADDON PRO MAXL2 JACKET XL/BLACK RED (SKU: Missing SKU). Brand: ADDON. Model/Series: PRO. Colour: BLACK. Size: XL. | L94: 0 | M94: 5599 | N94: 4744.92 | O94: 0 | P94: 0 | Q94: 0 | R94: Source-Parsed | S94: Stock Summary Report — Row 97 | T94: =IF(A94="Missing SKU",0,1/COUNTIFS($A$2:$A$2503,A94)) | U94: Externally Verified | V94: https://lonerangerindia.com/products/mens-riding-jackets-addon-pro-max-jacket-black-orange
A95: Missing SKU | B95: ADDON RIDING PANT 2XL | C95: Riding Pants | E95: ADDON | F95: RIDING PANT | H95: 2XL | K95: ADDON RIDING PANT 2XL (SKU: Missing SKU). Brand: ADDON. Model/Series: RIDING PANT. Size: 2XL. | L95: 0 | M95: 7999 | N95: 4405.93 | O95: 0 | P95: 0 | Q95: 0 | R95: Source-Parsed | S95: Stock Summary Report — Row 98 | T95: =IF(A95="Missing SKU",0,1/COUNTIFS($A$2:$A$2503,A95)) | U95: Externally Verified | V95: https://lonerangerindia.com/collections/riding-pant
A96: Missing SKU | B96: ADDON RIDING PANT 3XL | C96: Riding Pants | E96: ADDON | F96: RIDING PANT | H96: 3XL | K96: ADDON RIDING PANT 3XL (SKU: Missing SKU). Brand: ADDON. Model/Series: RIDING PANT. Size: 3XL. | L96: 1 | M96: 0 | N96: 4405.93 | O96: 1 | P96: 0 | Q96: 3084.15 | R96: Source-Parsed | S96: Stock Summary Report — Row 99 | T96: =IF(A96="Missing SKU",0,1/COUNTIFS($A$2:$A$2503,A96)) | U96: Externally Verified | V96: https://lonerangerindia.com/collections/riding-pant
A97: Missing SKU | B97: ADDON RIDING PANT L | C97: Riding Pants | E97: ADDON | F97: RIDING PANT | H97: L | K97: ADDON RIDING PANT L (SKU: Missing SKU). Brand: ADDON. Model/Series: RIDING PANT. Size: L. | L97: 0 | M97: 5199 | N97: 4405.93 | O97: 0 | P97: 0 | Q97: 0 | R97: Source-Parsed | S97: Stock Summary Report — Row 100 | T97: =IF(A97="Missing SKU",0,1/COUNTIFS($A$2:$A$2503,A97)) | U97: Externally Verified | V97: https://lonerangerindia.com/collections/riding-pant
A98: Missing SKU | B98: ADV390 Calx Side Stand Base | C98: Body Parts & Panels | D98: Side Stand Accessories | E98: Legundary | K98: ADV390 Calx Side Stand Base (SKU: Missing SKU). Brand: Legundary. | L98: 0 | M98: 0 | N98: 0 | O98: 0 | P98: 0 | Q98: 0 | R98: Source-Parsed | S98: Stock Summary Report — Row 101 | T98: =IF(A98="Missing SKU",0,1/COUNTIFS($A$2:$A$2503,A98)) | U98: Externally Verified | V98: https://www.legundary.com/products/lcb-adv390-calx-side-stand-base
A99: Missing SKU | B99: AIR COMFY SEAT | C99: Body Parts & Panels | D99: Seats | E99: Grand Pitstop | K99: AIR COMFY SEAT (SKU: Missing SKU). Brand: Grand Pitstop. | L99: -1 | M99: 2500 | N99: 2099 | O99: -1 | P99: 0 | Q99: 0 | R99: Source-Parsed | S99: Stock Summary Report — Row 102 | T99: =IF(A99="Missing SKU",0,1/COUNTIFS($A$2:$A$2503,A99)) | U99: Externally Verified | V99: https://www.riderzplanet.com/products/grand-pitstop-sports-air-comfy-seat-cushion
A100: Missing SKU | B100: AIRSET_GEL_C | C100: Unclassified — Needs Verification | K100: AIRSET_GEL_C (SKU: Missing SKU). | L100: -1 | M100: 1999 | N100: 1449 | O100: -1 | P100: 0 | Q100: 0 | R100: Needs Verification | S100: Stock Summary Report — Row 103 | T100: =IF(A100="Missing SKU",0,1/COUNTIFS($A$2:$A$2503,A100)) | U100: N/A — Generic/Unbranded
...

Sheet Lists
A1: Categories | B1: Subcategories | C1: Status | D1: External Verification
A2: Body Parts & Panels | B2: Arm Sleeves | C2: Source-Parsed | D2: Externally Verified
A3: Boots & Footwear | B3: Auxiliary Lights | C3: Needs Verification | D3: Probable Match
A4: Braking Components | B4: Axles & Spacers | D4: Not Found Externally
A5: Cables & Controls | B5: Backrests | D5: N/A — Generic/Unbranded
A6: Covers | B6: Bags & Backpacks
A7: Crash Protection | B7: Base Layers
A8: Drive & Transmission | B8: Batteries & Chargers
A9: Electronics | B9: Bike Covers
A10: Engine Components | B10: Bluetooth Intercoms
A11: Engine Oils & Lubricants | B11: Boot Rain Covers
A12: Exhaust System | B12: Bottle Holders & Hydration
A13: Gloves | B13: Bulbs
A14: Helmets | B14: Bungee Cords
A15: Lighting & Electrical | B15: Camera & Mounts
A16: Locks & Security | B16: Carriers & Racks
A17: Luggage & Storage | B17: Chain Cleaners
... A30: Unclassified — Needs Verification | B30: Handguards
B31: Handlebar Controls
B32: Headlight Guards
B33: Headlights
B34: Headwear
B35: Heat Shields
B36: Helmet Accessories
B37: Helmet Locks
B38: Horns
B39: Ignition Components
B40: Indicators & Flashers
B41: Jerry Cans
B42: Jerseys
... B73: Winglets

Sheet Category Summary
A1: Category | B1: Subcategory | C1: Distinct Products | D1: Unique SKUs | E1: Total Stock Quantity | F1: Needs Verification
A2: Body Parts & Panels | C2: =COUNTIFS(ProductMaster!$C$2:$C$2503,A2,ProductMaster!$D$2:$D$2503,B2) | D2: =ROUND(SUMIFS(ProductMaster!$T$2:$T$2503,ProductMaster!$C$2:$C$2503,A2,ProductMaster!$D$2:$D$2503,B2),0) | E2: =SUMIFS(ProductMaster!$L$2:$L$2503,ProductMaster!$C$2:$C$2503,A2,ProductMaster!$D$2:$D$2503,B2) | F2: =COUNTIFS(ProductMaster!$C$2:$C$2503,A2,ProductMaster!$D$2:$D$2503,B2,ProductMaster!$R$2:$R$2503,"Needs Verification")
A3: Body Parts & Panels | B3: Backrests | C3: =COUNTIFS(ProductMaster!$C$2:$C$2503,A3,ProductMaster!$D$2:$D$2503,B3) | D3: =ROUND(SUMIFS(ProductMaster!$T$2:$T$2503,ProductMaster!$C$2:$C$2503,A3,ProductMaster!$D$2:$D$2503,B3),0) | E3: =SUMIFS(ProductMaster!$L$2:$L$2503,ProductMaster!$C$2:$C$2503,A3,ProductMaster!$D$2:$D$2503,B3) | F3: =COUNTIFS(ProductMaster!$C$2:$C$2503,A3,ProductMaster!$D$2:$D$2503,B3,ProductMaster!$R$2:$R$2503,"Needs Verification")
A4: Body Parts & Panels | B4: Footrests | C4: =COUNTIFS(ProductMaster!$C$2:$C$2503,A4,ProductMaster!$D$2:$D$2503,B4) | D4: =ROUND(SUMIFS(ProductMaster!$T$2:$T$2503,ProductMaster!$C$2:$C$2503,A4,ProductMaster!$D$2:$D$2503,B4),0) | E4: =SUMIFS(ProductMaster!$L$2:$L$2503,ProductMaster!$C$2:$C$2503,A4,ProductMaster!$D$2:$D$2503,B4) | F4: =COUNTIFS(ProductMaster!$C$2:$C$2503,A4,ProductMaster!$D$2:$D$2503,B4,ProductMaster!$R$2:$R$2503,"Needs Verification")
A5: Body Parts & Panels | B5: Grab Rails | C5: =COUNTIFS(ProductMaster!$C$2:$C$2503,A5,ProductMaster!$D$2:$D$2503,B5) | D5: =ROUND(SUMIFS(ProductMaster!$T$2:$T$2503,ProductMaster!$C$2:$C$2503,A5,ProductMaster!$D$2:$D$2503,B5),0) | E5: =SUMIFS(ProductMaster!$L$2:$L$2503,ProductMaster!$C$2:$C$2503,A5,ProductMaster!$D$2:$D$2503,B5) | F5: =COUNTIFS(ProductMaster!$C$2:$C$2503,A5,ProductMaster!$D$2:$D$2503,B5,ProductMaster!$R$2:$R$2503,"Needs Verification")
A6: Body Parts & Panels | B6: Handguards | C6: =COUNTIFS(ProductMaster!$C$2:$C$2503,A6,ProductMaster!$D$2:$D$2503,B6) | D6: =ROUND(SUMIFS(ProductMaster!$T$2:$T$2503,ProductMaster!$C$2:$C$2503,A6,ProductMaster!$D$2:$D$2503,B6),0) | E6: =SUMIFS(ProductMaster!$L$2:$L$2503,ProductMaster!$C$2:$C$2503,A6,ProductMaster!$D$2:$D$2503,B6) | F6: =COUNTIFS(ProductMaster!$C$2:$C$2503,A6,ProductMaster!$D$2:$D$2503,B6,ProductMaster!$R$2:$R$2503,"Needs Verification")
A7: Body Parts & Panels | B7: Number Plates | C7: =COUNTIFS(ProductMaster!$C$2:$C$2503,A7,ProductMaster!$D$2:$D$2503,B7) | D7: =ROUND(SUMIFS(ProductMaster!$T$2:$T$2503,ProductMaster!$C$2:$C$2503,A7,ProductMaster!$D$2:$D$2503,B7),0) | E7: =SUMIFS(ProductMaster!$L$2:$L$2503,ProductMaster!$C$2:$C$2503,A7,ProductMaster!$D$2:$D$2503,B7) | F7: =COUNTIFS(ProductMaster!$C$2:$C$2503,A7,ProductMaster!$D$2:$D$2503,B7,ProductMaster!$R$2:$R$2503,"Needs Verification")
A8: Body Parts & Panels | B8: Seats | C8: =COUNTIFS(ProductMaster!$C$2:$C$2503,A8,ProductMaster!$D$2:$D$2503,B8) | D8: =ROUND(SUMIFS(ProductMaster!$T$2:$T$2503,ProductMaster!$C$2:$C$2503,A8,ProductMaster!$D$2:$D$2503,B8),0) | E8: =SUMIFS(ProductMaster!$L$2:$L$2503,ProductMaster!$C$2:$C$2503,A8,ProductMaster!$D$2:$D$2503,B8) | F8: =COUNTIFS(ProductMaster!$C$2:$C$2503,A8,ProductMaster!$D$2:$D$2503,B8,ProductMaster!$R$2:$R$2503,"Needs Verification")
A9: Body Parts & Panels | B9: Side Stand Accessories | C9: =COUNTIFS(ProductMaster!$C$2:$C$2503,A9,ProductMaster!$D$2:$D$2503,B9) | D9: =ROUND(SUMIFS(ProductMaster!$T$2:$T$2503,ProductMaster!$C$2:$C$2503,A9,ProductMaster!$D$2:$D$2503,B9),0) | E9: =SUMIFS(ProductMaster!$L$2:$L$2503,ProductMaster!$C$2:$C$2503,A9,ProductMaster!$D$2:$D$2503,B9) | F9: =COUNTIFS(ProductMaster!$C$2:$C$2503,A9,ProductMaster!$D$2:$D$2503,B9,ProductMaster!$R$2:$R$2503,"Needs Verification")
A10: Body Parts & Panels | B10: Tail Tidies | C10: =COUNTIFS(ProductMaster!$C$2:$C$2503,A10,ProductMaster!$D$2:$D$2503,B10) | D10: =ROUND(SUMIFS(ProductMaster!$T$2:$T$2503,ProductMaster!$C$2:$C$2503,A10,ProductMaster!$D$2:$D$2503,B10),0) | E10: =SUMIFS(ProductMaster!$L$2:$L$2503,ProductMaster!$C$2:$C$2503,A10,ProductMaster!$D$2:$D$2503,B10) | F10: =COUNTIFS(ProductMaster!$C$2:$C$2503,A10,ProductMaster!$D$2:$D$2503,B10,ProductMaster!$R$2:$R$2503,"Needs Verification")
A11: Body Parts & Panels | B11: Tank Pads | C11: =COUNTIFS(ProductMaster!$C$2:$C$2503,A11,ProductMaster!$D$2:$D$2503,B11) | D11: =ROUND(SUMIFS(ProductMaster!$T$2:$T$2503,ProductMaster!$C$2:$C$2503,A11,ProductMaster!$D$2:$D$2503,B11),0) | E11: =SUMIFS(ProductMaster!$L$2:$L$2503,ProductMaster!$C$2:$C$2503,A11,ProductMaster!$D$2:$D$2503,B11) | F11: =COUNTIFS(ProductMaster!$C$2:$C$2503,A11,ProductMaster!$D$2:$D$2503,B11,ProductMaster!$R$2:$R$2503,"Needs Verification")
A12: Body Parts & Panels | B12: Windscreens | C12: =COUNTIFS(ProductMaster!$C$2:$C$2503,A12,ProductMaster!$D$2:$D$2503,B12) | D12: =ROUND(SUMIFS(ProductMaster!$T$2:$T$2503,ProductMaster!$C$2:$C$2503,A12,ProductMaster!$D$2:$D$2503,B12),0) | E12: =SUMIFS(ProductMaster!$L$2:$L$2503,ProductMaster!$C$2:$C$2503,A12,ProductMaster!$D$2:$D$2503,B12) | F12: =COUNTIFS(ProductMaster!$C$2:$C$2503,A12,ProductMaster!$D$2:$D$2503,B12,ProductMaster!$R$2:$R$2503,"Needs Verification")
A13: Body Parts & Panels | B13: Winglets | C13: =COUNTIFS(ProductMaster!$C$2:$C$2503,A13,ProductMaster!$D$2:$D$2503,B13) | D13: =ROUND(SUMIFS(ProductMaster!$T$2:$T$2503,ProductMaster!$C$2:$C$2503,A13,ProductMaster!$D$2:$D$2503,B13),0) | E13: =SUMIFS(ProductMaster!$L$2:$L$2503,ProductMaster!$C$2:$C$2503,A13,ProductMaster!$D$2:$D$2503,B13) | F13: =COUNTIFS(ProductMaster!$C$2:$C$2503,A13,ProductMaster!$D$2:$D$2503,B13,ProductMaster!$R$2:$R$2503,"Needs Verification")
A14: Boots & Footwear | C14: =COUNTIFS(ProductMaster!$C$2:$C$2503,A14,ProductMaster!$D$2:$D$2503,B14) | D14: =ROUND(SUMIFS(ProductMaster!$T$2:$T$2503,ProductMaster!$C$2:$C$2503,A14,ProductMaster!$D$2:$D$2503,B14),0) | E14: =SUMIFS(ProductMaster!$L$2:$L$2503,ProductMaster!$C$2:$C$2503,A14,ProductMaster!$D$2:$D$2503,B14) | F14: =COUNTIFS(ProductMaster!$C$2:$C$2503,A14,ProductMaster!$D$2:$D$2503,B14,ProductMaster!$R$2:$R$2503,"Needs Verification")
A15: Braking Components | C15: =COUNTIFS(ProductMaster!$C$2:$C$2503,A15,ProductMaster!$D$2:$D$2503,B15) | D15: =ROUND(SUMIFS(ProductMaster!$T$2:$T$2503,ProductMaster!$C$2:$C$2503,A15,ProductMaster!$D$2:$D$2503,B15),0) | E15: =SUMIFS(ProductMaster!$L$2:$L$2503,ProductMaster!$C$2:$C$2503,A15,ProductMaster!$D$2:$D$2503,B15) | F15: =COUNTIFS(ProductMaster!$C$2:$C$2503,A15,ProductMaster!$D$2:$D$2503,B15,ProductMaster!$R$2:$R$2503,"Needs Verification")
A16: Cables & Controls | C16: =COUNTIFS(ProductMaster!$C$2:$C$2503,A16,ProductMaster!$D$2:$D$2503,B16) | D16: =ROUND(SUMIFS(ProductMaster!$T$2:$T$2503,ProductMaster!$C$2:$C$2503,A16,ProductMaster!$D$2:$D$2503,B16),0) | E16: =SUMIFS(ProductMaster!$L$2:$L$2503,ProductMaster!$C$2:$C$2503,A16,ProductMaster!$D$2:$D$2503,B16) | F16: =COUNTIFS(ProductMaster!$C$2:$C$2503,A16,ProductMaster!$D$2:$D$2503,B16,ProductMaster!$R$2:$R$2503,"Needs Verification")
A17: Covers | B17: Bike Covers | C17: =COUNTIFS(ProductMaster!$C$2:$C$2503,A17,ProductMaster!$D$2:$D$2503,B17) | D17: =ROUND(SUMIFS(ProductMaster!$T$2:$T$2503,ProductMaster!$C$2:$C$2503,A17,ProductMaster!$D$2:$D$2503,B17),0) | E17: =SUMIFS(ProductMaster!$L$2:$L$2503,ProductMaster!$C$2:$C$2503,A17,ProductMaster!$D$2:$D$2503,B17) | F17: =COUNTIFS(ProductMaster!$C$2:$C$2503,A17,ProductMaster!$D$2:$D$2503,B17,ProductMaster!$R$2:$R$2503,"Needs Verification")
A18: Covers | B18: Boot Rain Covers | C18: =COUNTIFS(ProductMaster!$C$2:$C$2503,A18,ProductMaster!$D$2:$D$2503,B18) | D18: =ROUND(SUMIFS(ProductMaster!$T$2:$T$2503,ProductMaster!$C$2:$C$2503,A18,ProductMaster!$D$2:$D$2503,B18),0) | E18: =SUMIFS(ProductMaster!$L$2:$L$2503,ProductMaster!$C$2:$C$2503,A18,ProductMaster!$D$2:$D$2503,B18) | F18: =COUNTIFS(ProductMaster!$C$2:$C$2503,A18,ProductMaster!$D$2:$D$2503,B18,ProductMaster!$R$2:$R$2503,"Needs Verification")
A19: Crash Protection | B19: Crash Guards & Sliders | C19: =COUNTIFS(ProductMaster!$C$2:$C$2503,A19,ProductMaster!$D$2:$D$2503,B19) | D19: =ROUND(SUMIFS(ProductMaster!$T$2:$T$2503,ProductMaster!$C$2:$C$2503,A19,ProductMaster!$D$2:$D$2503,B19),0) | E19: =SUMIFS(ProductMaster!$L$2:$L$2503,ProductMaster!$C$2:$C$2503,A19,ProductMaster!$D$2:$D$2503,B19) | F19: =COUNTIFS(ProductMaster!$C$2:$C$2503,A19,ProductMaster!$D$2:$D$2503,B19,ProductMaster!$R$2:$R$2503,"Needs Verification")
A20: Crash Protection | B20: Radiator Guards | C20: =COUNTIFS(ProductMaster!$C$2:$C$2503,A20,ProductMaster!$D$2:$D$2503,B20) | D20: =ROUND(SUMIFS(ProductMaster!$T$2:$T$2503,ProductMaster!$C$2:$C$2503,A20,ProductMaster!$D$2:$D$2503,B20),0) | E20: =SUMIFS(ProductMaster!$L$2:$L$2503,ProductMaster!$C$2:$C$2503,A20,ProductMaster!$D$2:$D$2503,B20) | F20: =COUNTIFS(ProductMaster!$C$2:$C$2503,A20,ProductMaster!$D$2:$D$2503,B20,ProductMaster!$R$2:$R$2503,"Needs Verification")
A21: Drive & Transmission | B21: Chains & Sprockets | C21: =COUNTIFS(ProductMaster!$C$2:$C$2503,A21,ProductMaster!$D$2:$D$2503,B21) | D21: =ROUND(SUMIFS(ProductMaster!$T$2:$T$2503,ProductMaster!$C$2:$C$2503,A21,ProductMaster!$D$2:$D$2503,B21),0) | E21: =SUMIFS(ProductMaster!$L$2:$L$2503,ProductMaster!$C$2:$C$2503,A21,ProductMaster!$D$2:$D$2503,B21) | F21: =COUNTIFS(ProductMaster!$C$2:$C$2503,A21,ProductMaster!$D$2:$D$2503,B21,ProductMaster!$R$2:$R$2503,"Needs Verification")
A22: Drive & Transmission | B22: Clutch Components | C22: =COUNTIFS(ProductMaster!$C$2:$C$2503,A22,ProductMaster!$D$2:$D$2503,B22) | D22: =ROUND(SUMIFS(ProductMaster!$T$2:$T$2503,ProductMaster!$C$2:$C$2503,A22,ProductMaster!$D$2:$D$2503,B22),0) | E22: =SUMIFS(ProductMaster!$L$2:$L$2503,ProductMaster!$C$2:$C$2503,A22,ProductMaster!$D$2:$D$2503,B22) | F22: =COUNTIFS(ProductMaster!$C$2:$C$2503,A22,ProductMaster!$D$2:$D$2503,B22,ProductMaster!$R$2:$R$2503,"Needs Verification")
A23: Electronics | B23: Bluetooth Intercoms | C23: =COUNTIFS(ProductMaster!$C$2:$C$2503,A23,ProductMaster!$D$2:$D$2503,B23) | D23: =ROUND(SUMIFS(ProductMaster!$T$2:$T$2503,ProductMaster!$C$2:$C$2503,A23,ProductMaster!$D$2:$D$2503,B23),0) | E23: =SUMIFS(ProductMaster!$L$2:$L$2503,ProductMaster!$C$2:$C$2503,A23,ProductMaster!$D$2:$D$2503,B23) | F23: =COUNTIFS(ProductMaster!$C$2:$C$2503,A23,ProductMaster!$D$2:$D$2503,B23,ProductMaster!$R$2:$R$2503,"Needs Verification")
A24: Electronics | B24: Camera & Mounts | C24: =COUNTIFS(ProductMaster!$C$2:$C$2503,A24,ProductMaster!$D$2:$D$2503,B24) | D24: =ROUND(SUMIFS(ProductMaster!$T$2:$T$2503,ProductMaster!$C$2:$C$2503,A24,ProductMaster!$D$2:$D$2503,B24),0) | E24: =SUMIFS(ProductMaster!$L$2:$L$2503,ProductMaster!$C$2:$C$2503,A24,ProductMaster!$D$2:$D$2503,B24) | F24: =COUNTIFS(ProductMaster!$C$2:$C$2503,A24,ProductMaster!$D$2:$D$2503,B24,ProductMaster!$R$2:$R$2503,"Needs Verification")
A25: Electronics | B25: GPS Trackers | C25: =COUNTIFS(ProductMaster!$C$2:$C$2503,A25,ProductMaster!$D$2:$D$2503,B25) | D25: =ROUND(SUMIFS(ProductMaster!$T$2:$T$2503,ProductMaster!$C$2:$C$2503,A25,ProductMaster!$D$2:$D$2503,B25),0) | E25: =SUMIFS(ProductMaster!$L$2:$L$2503,ProductMaster!$C$2:$C$2503,A25,ProductMaster!$D$2:$D$2503,B25) | F25: =COUNTIFS(ProductMaster!$C$2:$C$2503,A25,ProductMaster!$D$2:$D$2503,B25,ProductMaster!$R$2:$R$2503,"Needs Verification")
A26: Electronics | B26: Mobile Accessories | C26: =COUNTIFS(ProductMaster!$C$2:$C$2503,A26,ProductMaster!$D$2:$D$2503,B26) | D26: =ROUND(SUMIFS(ProductMaster!$T$2:$T$2503,ProductMaster!$C$2:$C$2503,A26,ProductMaster!$D$2:$D$2503,B26),0) | E26: =SUMIFS(ProductMaster!$L$2:$L$2503,ProductMaster!$C$2:$C$2503,A26,ProductMaster!$D$2:$D$2503,B26) | F26: =COUNTIFS(ProductMaster!$C$2:$C$2503,A26,ProductMaster!$D$2:$D$2503,B26,ProductMaster!$R$2:$R$2503,"Needs Verification")
A27: Electronics | B27: Mobile Holders & Mounts | C27: =COUNTIFS(ProductMaster!$C$2:$C$2503,A27,ProductMaster!$D$2:$D$2503,B27) | D27: =ROUND(SUMIFS(ProductMaster!$T$2:$T$2503,ProductMaster!$C$2:$C$2503,A27,ProductMaster!$D$2:$D$2503,B27),0) | E27: =SUMIFS(ProductMaster!$L$2:$L$2503,ProductMaster!$C$2:$C$2503,A27,ProductMaster!$D$2:$D$2503,B27) | F27: =COUNTIFS(ProductMaster!$C$2:$C$2503,A27,ProductMaster!$D$2:$D$2503,B27,ProductMaster!$R$2:$R$2503,"Needs Verification")
A28: Engine Components | B28: Filters | C28: =COUNTIFS(ProductMaster!$C$2:$C$2503,A28,ProductMaster!$D$2:$D$2503,B28) | D28: =ROUND(SUMIFS(ProductMaster!$T$2:$T$2503,ProductMaster!$C$2:$C$2503,A28,ProductMaster!$D$2:$D$2503,B28),0) | E28: =SUMIFS(ProductMaster!$L$2:$L$2503,ProductMaster!$C$2:$C$2503,A28,ProductMaster!$D$2:$D$2503,B28) | F28: =COUNTIFS(ProductMaster!$C$2:$C$2503,A28,ProductMaster!$D$2:$D$2503,B28,ProductMaster!$R$2:$R$2503,"Needs Verification")
... A30: Engine Components | B30: Spark Plugs | C30: =COUNTIFS(ProductMaster!$C$2:$C$2503,A30,ProductMaster!$D$2:$D$2503,B30) | D30: =ROUND(SUMIFS(ProductMaster!$T$2:$T$2503,ProductMaster!$C$2:$C$2503,A30,ProductMaster!$D$2:$D$2503,B30),0) | E30: =SUMIFS(ProductMaster!$L$2:$L$2503,ProductMaster!$C$2:$C$2503,A30,ProductMaster!$D$2:$D$2503,B30) | F30: =COUNTIFS(ProductMaster!$C$2:$C$2503,A30,ProductMaster!$D$2:$D$2503,B30,ProductMaster!$R$2:$R$2503,"Needs Verification")
A31: Engine Oils & Lubricants | C31: =COUNTIFS(ProductMaster!$C$2:$C$2503,A31,ProductMaster!$D$2:$D$2503,B31) | D31: =ROUND(SUMIFS(ProductMaster!$T$2:$T$2503,ProductMaster!$C$2:$C$2503,A31,ProductMaster!$D$2:$D$2503,B31),0) | E31: =SUMIFS(ProductMaster!$L$2:$L$2503,ProductMaster!$C$2:$C$2503,A31,ProductMaster!$D$2:$D$2503,B31) | F31: =COUNTIFS(ProductMaster!$C$2:$C$2503,A31,ProductMaster!$D$2:$D$2503,B31,ProductMaster!$R$2:$R$2503,"Needs Verification")
A32: Exhaust System | C32: =COUNTIFS(ProductMaster!$C$2:$C$2503,A32,ProductMaster!$D$2:$D$2503,B32) | D32: =ROUND(SUMIFS(ProductMaster!$T$2:$T$2503,ProductMaster!$C$2:$C$2503,A32,ProductMaster!$D$2:$D$2503,B32),0) | E32: =SUMIFS(ProductMaster!$L$2:$L$2503,ProductMaster!$C$2:$C$2503,A32,ProductMaster!$D$2:$D$2503,B32) | F32: =COUNTIFS(ProductMaster!$C$2:$C$2503,A32,ProductMaster!$D$2:$D$2503,B32,ProductMaster!$R$2:$R$2503,"Needs Verification")
A33: Exhaust System | B33: Heat Shields | C33: =COUNTIFS(ProductMaster!$C$2:$C$2503,A33,ProductMaster!$D$2:$D$2503,B33) | D33: =ROUND(SUMIFS(ProductMaster!$T$2:$T$2503,ProductMaster!$C$2:$C$2503,A33,ProductMaster!$D$2:$D$2503,B33),0) | E33: =SUMIFS(ProductMaster!$L$2:$L$2503,ProductMaster!$C$2:$C$2503,A33,ProductMaster!$D$2:$D$2503,B33) | F33: =COUNTIFS(ProductMaster!$C$2:$C$2503,A33,ProductMaster!$D$2:$D$2503,B33,ProductMaster!$R$2:$R$2503,"Needs Verification")
A34: Gloves | C34: =COUNTIFS(ProductMaster!$C$2:$C$2503,A34,ProductMaster!$D$2:$D$2503,B34) | D34: =ROUND(SUMIFS(ProductMaster!$T$2:$T$2503,ProductMaster!$C$2:$C$2503,A34,ProductMaster!$D$2:$D$2503,B34),0) | E34: =SUMIFS(ProductMaster!$L$2:$L$2503,ProductMaster!$C$2:$C$2503,A34,ProductMaster!$D$2:$D$2503,B34) | F34: =COUNTIFS(ProductMaster!$C$2:$C$2503,A34,ProductMaster!$D$2:$D$2503,B34,ProductMaster!$R$2:$R$2503,"Needs Verification")
A35: Helmets | C35: =COUNTIFS(ProductMaster!$C$2:$C$2503,A35,ProductMaster!$D$2:$D$2503,B35) | D35: =ROUND(SUMIFS(ProductMaster!$T$2:$T$2503,ProductMaster!$C$2:$C$2503,A35,ProductMaster!$D$2:$D$2503,B35),0) | E35: =SUMIFS(ProductMaster!$L$2:$L$2503,ProductMaster!$C$2:$C$2503,A35,ProductMaster!$D$2:$D$2503,B35) | F35: =COUNTIFS(ProductMaster!$C$2:$C$2503,A35,ProductMaster!$D$2:$D$2503,B35,ProductMaster!$R$2:$R$2503,"Needs Verification")
A36: Helmets | B36: Helmet Accessories | C36: =COUNTIFS(ProductMaster!$C$2:$C$2503,A36,ProductMaster!$D$2:$D$2503,B36) | D36: =ROUND(SUMIFS(ProductMaster!$T$2:$T$2503,ProductMaster!$C$2:$C$2503,A36,ProductMaster!$D$2:$D$2503,B36),0) | E36: =SUMIFS(ProductMaster!$L$2:$L$2503,ProductMaster!$C$2:$C$2503,A36,ProductMaster!$D$2:$D$2503,B36) | F36: =COUNTIFS(ProductMaster!$C$2:$C$2503,A36,ProductMaster!$D$2:$D$2503,B36,ProductMaster!$R$2:$R$2503,"Needs Verification")
A37: Helmets | B37: Riding Eyewear | C37: =COUNTIFS(ProductMaster!$C$2:$C$2503,A37,ProductMaster!$D$2:$D$2503,B37) | D37: =ROUND(SUMIFS(ProductMaster!$T$2:$T$2503,ProductMaster!$C$2:$C$2503,A37,ProductMaster!$D$2:$D$2503,B37),0) | E37: =SUMIFS(ProductMaster!$L$2:$L$2503,ProductMaster!$C$2:$C$2503,A37,ProductMaster!$D$2:$D$2503,B37) | F37: =COUNTIFS(ProductMaster!$C$2:$C$2503,A37,ProductMaster!$D$2:$D$2503,B37,ProductMaster!$R$2:$R$2503,"Needs Verification")
A38: Lighting & Electrical | C38: =COUNTIFS(ProductMaster!$C$2:$C$2503,A38,ProductMaster!$D$2:$D$2503,B38) | D38: =ROUND(SUMIFS(ProductMaster!$T$2:$T$2503,ProductMaster!$C$2:$C$2503,A38,ProductMaster!$D$2:$D$2503,B38),0) | E38: =SUMIFS(ProductMaster!$L$2:$L$2503,ProductMaster!$C$2:$C$2503,A38,ProductMaster!$D$2:$D$2503,B38) | F38: =COUNTIFS(ProductMaster!$C$2:$C$2503,A38,ProductMaster!$D$2:$D$2503,B38,ProductMaster!$R$2:$R$2503,"Needs Verification")
A39: Lighting & Electrical | B39: Auxiliary Lights | C39: =COUNTIFS(ProductMaster!$C$2:$C$2503,A39,ProductMaster!$D$2:$D$2503,B39) | D39: =ROUND(SUMIFS(ProductMaster!$T$2:$T$2503,ProductMaster!$C$2:$C$2503,A39,ProductMaster!$D$2:$D$2503,B39),0) | E39: =SUMIFS(ProductMaster!$L$2:$L$2503,ProductMaster!$C$2:$C$2503,A39,ProductMaster!$D$2:$D$2503,B39) | F39: =COUNTIFS(ProductMaster!$C$2:$C$2503,A39,ProductMaster!$D$2:$D$2503,B39,ProductMaster!$R$2:$R$2503,"Needs Verification")
A40: Lighting & Electrical | B40: Batteries & Chargers | C40: =COUNTIFS(ProductMaster!$C$2:$C$2503,A40,ProductMaster!$D$2:$D$2503,B40) | D40: =ROUND(SUMIFS(ProductMaster!$T$2:$T$2503,ProductMaster!$C$2:$C$2503,A40,ProductMaster!$D$2:$D$2503,B40),0) | E40: =SUMIFS(ProductMaster!$L$2:$L$2503,ProductMaster!$C$2:$C$2503,A40,ProductMaster!$D$2:$D$2503,B40) | F40: =COUNTIFS(ProductMaster!$C$2:$C$2503,A40,ProductMaster!$D$2:$D$2503,B40,ProductMaster!$R$2:$R$2503,"Needs Verification")
A41: Lighting & Electrical | B41: Bulbs | C41: =COUNTIFS(ProductMaster!$C$2:$C$2503,A41,ProductMaster!$D$2:$D$2503,B41) | D41: =ROUND(SUMIFS(ProductMaster!$T$2:$T$2503,ProductMaster!$C$2:$C$2503,A41,ProductMaster!$D$2:$D$2503,B41),0) | E41: =SUMIFS(ProductMaster!$L$2:$L$2503,ProductMaster!$C$2:$C$2503,A41,ProductMaster!$D$2:$D$2503,B41) | F41: =COUNTIFS(ProductMaster!$C$2:$C$2503,A41,ProductMaster!$D$2:$D$2503,B41,ProductMaster!$R$2:$R$2503,"Needs Verification")
A42: Lighting & Electrical | B42: Electrical Accessories | C42: =COUNTIFS(ProductMaster!$C$2:$C$2503,A42,ProductMaster!$D$2:$D$2503,B42) | D42: =ROUND(SUMIFS(ProductMaster!$T$2:$T$2503,ProductMaster!$C$2:$C$2503,A42,ProductMaster!$D$2:$D$2503,B42),0) | E42: =SUMIFS(ProductMaster!$L$2:$L$2503,ProductMaster!$C$2:$C$2503,A42,ProductMaster!$D$2:$D$2503,B42) | F42: =COUNTIFS(ProductMaster!$C$2:$C$2503,A42,ProductMaster!$D$2:$D$2503,B42,ProductMaster!$R$2:$R$2503,"Needs Verification")
A43: Lighting & Electrical | B43: Headlight Guards | C43: =COUNTIFS(ProductMaster!$C$2:$C$2503,A43,ProductMaster!$D$2:$D$2503,B43) | D43: =ROUND(SUMIFS(ProductMaster!$T$2:$T$2503,ProductMaster!$C$2:$C$2503,A43,ProductMaster!$D$2:$D$2503,B43),0) | E43: =SUMIFS(ProductMaster!$L$2:$L$2503,ProductMaster!$C$2:$C$2503,A43,ProductMaster!$D$2:$D$2503,B43) | F43: =COUNTIFS(ProductMaster!$C$2:$C$2503,A43,ProductMaster!$D$2:$D$2503,B43,ProductMaster!$R$2:$R$2503,"Needs Verification")
A44: Lighting & Electrical | B44: Headlights | C44: =COUNTIFS(ProductMaster!$C$2:$C$2503,A44,ProductMaster!$D$2:$D$2503,B44) | D44: =ROUND(SUMIFS(ProductMaster!$T$2:$T$2503,ProductMaster!$C$2:$C$2503,A44,ProductMaster!$D$2:$D$2503,B44),0) | E44: =SUMIFS(ProductMaster!$L$2:$L$2503,ProductMaster!$C$2:$C$2503,A44,ProductMaster!$D$2:$D$2503,B44) | F44: =COUNTIFS(ProductMaster!$C$2:$C$2503,A44,ProductMaster!$D$2:$D$2503,B44,ProductMaster!$R$2:$R$2503,"Needs Verification")
A45: Lighting & Electrical | B45: Horns | C45: =COUNTIFS(ProductMaster!$C$2:$C$2503,A45,ProductMaster!$D$2:$D$2503,B45) | D45: =ROUND(SUMIFS(ProductMaster!$T$2:$T$2503,ProductMaster!$C$2:$C$2503,A45,ProductMaster!$D$2:$D$2503,B45),0) | E45: =SUMIFS(ProductMaster!$L$2:$L$2503,ProductMaster!$C$2:$C$2503,A45,ProductMaster!$D$2:$D$2503,B45) | F45: =COUNTIFS(ProductMaster!$C$2:$C$2503,A45,ProductMaster!$D$2:$D$2503,B45,ProductMaster!$R$2:$R$2503,"Needs Verification")
A46: Lighting & Electrical | B46: Indicators & Flashers | C46: =COUNTIFS(ProductMaster!$C$2:$C$2503,A46,ProductMaster!$D$2:$D$2503,B46) | D46: =ROUND(SUMIFS(ProductMaster!$T$2:$T$2503,ProductMaster!$C$2:$C$2503,A46,ProductMaster!$D$2:$D$2503,B46),0) | E46: =SUMIFS(ProductMaster!$L$2:$L$2503,ProductMaster!$C$2:$C$2503,A46,ProductMaster!$D$2:$D$2503,B46) | F46: =COUNTIFS(ProductMaster!$C$2:$C$2503,A46,ProductMaster!$D$2:$D$2503,B46,ProductMaster!$R$2:$R$2503,"Needs Verification")
A47: Lighting & Electrical | B47: LED Accessories | C47: =COUNTIFS(ProductMaster!$C$2:$C$2503,A47,ProductMaster!$D$2:$D$2503,B47) | D47: =ROUND(SUMIFS(ProductMaster!$T$2:$T$2503,ProductMaster!$C$2:$C$2503,A47,ProductMaster!$D$2:$D$2503,B47),0) | E47: =SUMIFS(ProductMaster!$L$2:$L$2503,ProductMaster!$C$2:$C$2503,A47,ProductMaster!$D$2:$D$2503,B47) | F47: =COUNTIFS(ProductMaster!$C$2:$C$2503,A47,ProductMaster!$D$2:$D$2503,B47,ProductMaster!$R$2:$R$2503,"Needs Verification")
A48: Lighting & Electrical | B48: Light Mounts & Accessories | C48: =COUNTIFS(ProductMaster!$C$2:$C$2503,A48,ProductMaster!$D$2:$D$2503,B48) | D48: =ROUND(SUMIFS(ProductMaster!$T$2:$T$2503,ProductMaster!$C$2:$C$2503,A48,ProductMaster!$D$2:$D$2503,B48),0) | E48: =SUMIFS(ProductMaster!$L$2:$L$2503,ProductMaster!$C$2:$C$2503,A48,ProductMaster!$D$2:$D$2503,B48) | F48: =COUNTIFS(ProductMaster!$C$2:$C$2503,A48,ProductMaster!$D$2:$D$2503,B48,ProductMaster!$R$2:$R$2503,"Needs Verification")
A49: Lighting & Electrical | B49: Tail Lights | C49: =COUNTIFS(ProductMaster!$C$2:$C$2503,A49,ProductMaster!$D$2:$D$2503,B49) | D49: =ROUND(SUMIFS(ProductMaster!$T$2:$T$2503,ProductMaster!$C$2:$C$2503,A49,ProductMaster!$D$2:$D$2503,B49),0) | E49: =SUMIFS(ProductMaster!$L$2:$L$2503,ProductMaster!$C$2:$C$2503,A49,ProductMaster!$D$2:$D$2503,B49) | F49: =COUNTIFS(ProductMaster!$C$2:$C$2503,A49,ProductMaster!$D$2:$D$2503,B49,ProductMaster!$R$2:$R$2503,"Needs Verification")
A50: Locks & Security | C50: =COUNTIFS(ProductMaster!$C$2:$C$2503,A50,ProductMaster!$D$2:$D$2503,B50) | D50: =ROUND(SUMIFS(ProductMaster!$T$2:$T$2503,ProductMaster!$C$2:$C$2503,A50,ProductMaster!$D$2:$D$2503,B50),0) | E50: =SUMIFS(ProductMaster!$L$2:$L$2503,ProductMaster!$C$2:$C$2503,A50,ProductMaster!$D$2:$D$2503,B50) | F50: =COUNTIFS(ProductMaster!$C$2:$C$2503,A50,ProductMaster!$D$2:$D$2503,B50,ProductMaster!$R$2:$R$2503,"Needs Verification")
A51: Locks & Security | B51: Helmet Locks | C51: =COUNTIFS(ProductMaster!$C$2:$C$2503,A51,ProductMaster!$D$2:$D$2503,B51) | D51: =ROUND(SUMIFS(ProductMaster!$T$2:$T$2503,ProductMaster!$C$2:$C$2503,A51,ProductMaster!$D$2:$D$2503,B51),0) | E51: =SUMIFS(ProductMaster!$L$2:$L$2503,ProductMaster!$C$2:$C$2503,A51,ProductMaster!$D$2:$D$2503,B51) | F51: =COUNTIFS(ProductMaster!$C$2:$C$2503,A51,ProductMaster!$D$2:$D$2503,B51,ProductMaster!$R$2:$R$2503,"Needs Verification")
A52: Luggage & Storage | B52: Bags & Backpacks | C52: =COUNTIFS(ProductMaster!$C$2:$C$2503,A52,ProductMaster!$D$2:$D$2503,B52) | D52: =ROUND(SUMIFS(ProductMaster!$T$2:$T$2503,ProductMaster!$C$2:$C$2503,A52,ProductMaster!$D$2:$D$2503,B52),0) | E52: =SUMIFS(ProductMaster!$L$2:$L$2503,ProductMaster!$C$2:$C$2503,A52,ProductMaster!$D$2:$D$2503,B52) | F52: =COUNTIFS(ProductMaster!$C$2:$C$2503,A52,ProductMaster!$D$2:$D$2503,B52,ProductMaster!$R$2:$R$2503,"Needs Verification")
A53: Luggage & Storage | B53: Bottle Holders & Hydration | C53: =COUNTIFS(ProductMaster!$C$2:$C$2503,A53,ProductMaster!$D$2:$D$2503,B53) | D53: =ROUND(SUMIFS(ProductMaster!$T$2:$T$2503,ProductMaster!$C$2:$C$2503,A53,ProductMaster!$D$2:$D$2503,B53),0) | E53: =SUMIFS(ProductMaster!$L$2:$L$2503,ProductMaster!$C$2:$C$2503,A53,ProductMaster!$D$2:$D$2503,B53) | F53: =COUNTIFS(ProductMaster!$C$2:$C$2503,A53,ProductMaster!$D$2:$D$2503,B53,ProductMaster!$R$2:$R$2503,"Needs Verification")
A54: Luggage & Storage | B54: Bungee Cords | C54: =COUNTIFS(ProductMaster!$C$2:$C$2503,A54,ProductMaster!$D$2:$D$2503,B54) | D54: =ROUND(SUMIFS(ProductMaster!$T$2:$T$2503,ProductMaster!$C$2:$C$2503,A54,ProductMaster!$D$2:$D$2503,B54),0) | E54: =SUMIFS(ProductMaster!$L$2:$L$2503,ProductMaster!$C$2:$C$2503,A54,ProductMaster!$D$2:$D$2503,B54) | F54: =COUNTIFS(ProductMaster!$C$2:$C$2503,A54,ProductMaster!$D$2:$D$2503,B54,ProductMaster!$R$2:$R$2503,"Needs Verification")
A55: Luggage & Storage | B55: Carriers & Racks | C55: =COUNTIFS(ProductMaster!$C$2:$C$2503,A55,ProductMaster!$D$2:$D$2503,B55) | D55: =ROUND(SUMIFS(ProductMaster!$T$2:$T$2503,ProductMaster!$C$2:$C$2503,A55,ProductMaster!$D$2:$D$2503,B55),0) | E55: =SUMIFS(ProductMaster!$L$2:$L$2503,ProductMaster!$C$2:$C$2503,A55,ProductMaster!$D$2:$D$2503,B55) | F55: =COUNTIFS(ProductMaster!$C$2:$C$2503,A55,ProductMaster!$D$2:$D$2503,B55,ProductMaster!$R$2:$R$2503,"Needs Verification")
A56: Luggage & Storage | B56: Jerry Cans | C56: =COUNTIFS(ProductMaster!$C$2:$C$2503,A56,ProductMaster!$D$2:$D$2503,B56) | D56: =ROUND(SUMIFS(ProductMaster!$T$2:$T$2503,ProductMaster!$C$2:$C$2503,A56,ProductMaster!$D$2:$D$2503,B56),0) | E56: =SUMIFS(ProductMaster!$L$2:$L$2503,ProductMaster!$C$2:$C$2503,A56,ProductMaster!$D$2:$D$2503,B56) | F56: =COUNTIFS(ProductMaster!$C$2:$C$2503,A56,ProductMaster!$D$2:$D$2503,B56,ProductMaster!$R$2:$R$2503,"Needs Verification")
A57: Luggage & Storage | B57: Ropes & Hooks | C57: =COUNTIFS(ProductMaster!$C$2:$C$2503,A57,ProductMaster!$D$2:$D$2503,B57) | D57: =ROUND(SUMIFS(ProductMaster!$T$2:$T$2503,ProductMaster!$C$2:$C$2503,A57,ProductMaster!$D$2:$D$2503,B57),0) | E57: =SUMIFS(ProductMaster!$L$2:$L$2503,ProductMaster!$C$2:$C$2503,A57,ProductMaster!$D$2:$D$2503,B57) | F57: =COUNTIFS(ProductMaster!$C$2:$C$2503,A57,ProductMaster!$D$2:$D$2503,B57,ProductMaster!$R$2:$R$2503,"Needs Verification")
A58: Luggage & Storage | B58: Saddle Stays | C58: =COUNTIFS(ProductMaster!$C$2:$C$2503,A58,ProductMaster!$D$2:$D$2503,B58) | D58: =ROUND(SUMIFS(ProductMaster!$T$2:$T$2503,ProductMaster!$C$2:$C$2503,A58,ProductMaster!$D$2:$D$2503,B58),0) | E58: =SUMIFS(ProductMaster!$L$2:$L$2503,ProductMaster!$C$2:$C$2503,A58,ProductMaster!$D$2:$D$2503,B58) | F58: =COUNTIFS(ProductMaster!$C$2:$C$2503,A58,ProductMaster!$D$2:$D$2503,B58,ProductMaster!$R$2:$R$2503,"Needs Verification")
A59: Luggage & Storage | B59: Straps & Nets | C59: =COUNTIFS(ProductMaster!$C$2:$C$2503,A59,ProductMaster!$D$2:$D$2503,B59) | D59: =ROUND(SUMIFS(ProductMaster!$T$2:$T$2503,ProductMaster!$C$2:$C$2503,A59,ProductMaster!$D$2:$D$2503,B59),0) | E59: =SUMIFS(ProductMaster!$L$2:$L$2503,ProductMaster!$C$2:$C$2503,A59,ProductMaster!$D$2:$D$2503,B59) | F59: =COUNTIFS(ProductMaster!$C$2:$C$2503,A59,ProductMaster!$D$2:$D$2503,B59,ProductMaster!$R$2:$R$2503,"Needs Verification")
A60: Luggage & Storage | B60: Top Box Plates | C60: =COUNTIFS(ProductMaster!$C$2:$C$2503,A60,ProductMaster!$D$2:$D$2503,B60) | D60: =ROUND(SUMIFS(ProductMaster!$T$2:$T$2503,ProductMaster!$C$2:$C$2503,A60,ProductMaster!$D$2:$D$2503,B60),0) | E60: =SUMIFS(ProductMaster!$L$2:$L$2503,ProductMaster!$C$2:$C$2503,A60,ProductMaster!$D$2:$D$2503,B60) | F60: =COUNTIFS(ProductMaster!$C$2:$C$2503,A60,ProductMaster!$D$2:$D$2503,B60,ProductMaster!$R$2:$R$2503,"Needs Verification")
A61: Luggage & Storage | B61: Top Boxes | C61: =COUNTIFS(ProductMaster!$C$2:$C$2503,A61,ProductMaster!$D$2:$D$2503,B61) | D61: =ROUND(SUMIFS(ProductMaster!$T$2:$T$2503,ProductMaster!$C$2:$C$2503,A61,ProductMaster!$D$2:$D$2503,B61),0) | E61: =SUMIFS(ProductMaster!$L$2:$L$2503,ProductMaster!$C$2:$C$2503,A61,ProductMaster!$D$2:$D$2503,B61) | F61: =COUNTIFS(ProductMaster!$C$2:$C$2503,A61,ProductMaster!$D$2:$D$2503,B61,ProductMaster!$R$2:$R$2503,"Needs Verification")
A62: Maintenance & Cleaning | B62: Chain Cleaners | C62: =COUNTIFS(ProductMaster!$C$2:$C$2503,A62,ProductMaster!$D$2:$D$2503,B62) | D62: =ROUND(SUMIFS(ProductMaster!$T$2:$T$2503,ProductMaster!$C$2:$C$2503,A62,ProductMaster!$D$2:$D$2503,B62),0) | E62: =SUMIFS(ProductMaster!$L$2:$L$2503,ProductMaster!$C$2:$C$2503,A62,ProductMaster!$D$2:$D$2503,B62) | F62: =COUNTIFS(ProductMaster!$C$2:$C$2503,A62,ProductMaster!$D$2:$D$2503,B62,ProductMaster!$R$2:$R$2503,"Needs Verification")
... A73: Mirrors & Handlebar Accessories | B73: Mirrors | C73: =COUNTIFS(ProductMaster!$C$2:$C$2503,A73,ProductMaster!$D$2:$D$2503,B73) | D73: =ROUND(SUMIFS(ProductMaster!$T$2:$T$2503,ProductMaster!$C$2:$C$2503,A73,ProductMaster!$D$2:$D$2503,B73),0) | E73: =SUMIFS(ProductMaster!$L$2:$L$2503,ProductMaster!$C$2:$C$2503,A73,ProductMaster!$D$2:$D$2503,B73) | F73: =COUNTIFS(ProductMaster!$C$2:$C$2503,A73,ProductMaster!$D$2:$D$2503,B73,ProductMaster!$R$2:$R$2503,"Needs Verification")
A74: Other — Non-Motorcycle Items | C74: =COUNTIFS(ProductMaster!$C$2:$C$2503,A74,ProductMaster!$D$2:$D$2503,B74) | D74: =ROUND(SUMIFS(ProductMaster!$T$2:$T$2503,ProductMaster!$C$2:$C$2503,A74,ProductMaster!$D$2:$D$2503,B74),0) | E74: =SUMIFS(ProductMaster!$L$2:$L$2503,ProductMaster!$C$2:$C$2503,A74,ProductMaster!$D$2:$D$2503,B74) | F74: =COUNTIFS(ProductMaster!$C$2:$C$2503,A74,ProductMaster!$D$2:$D$2503,B74,ProductMaster!$R$2:$R$2503,"Needs Verification")
A75: Performance Parts | B75: Fuel Management Modules | C75: =COUNTIFS(ProductMaster!$C$2:$C$2503,A75,ProductMaster!$D$2:$D$2503,B75) | D75: =ROUND(SUMIFS(ProductMaster!$T$2:$T$2503,ProductMaster!$C$2:$C$2503,A75,ProductMaster!$D$2:$D$2503,B75),0) | E75: =SUMIFS(ProductMaster!$L$2:$L$2503,ProductMaster!$C$2:$C$2503,A75,ProductMaster!$D$2:$D$2503,B75) | F75: =COUNTIFS(ProductMaster!$C$2:$C$2503,A75,ProductMaster!$D$2:$D$2503,B75,ProductMaster!$R$2:$R$2503,"Needs Verification")
A76: Protective Gear | C76: =COUNTIFS(ProductMaster!$C$2:$C$2503,A76,ProductMaster!$D$2:$D$2503,B76) | D76: =ROUND(SUMIFS(ProductMaster!$T$2:$T$2503,ProductMaster!$C$2:$C$2503,A76,ProductMaster!$D$2:$D$2503,B76),0) | E76: =SUMIFS(ProductMaster!$L$2:$L$2503,ProductMaster!$C$2:$C$2503,A76,ProductMaster!$D$2:$D$2503,B76) | F76: =COUNTIFS(ProductMaster!$C$2:$C$2503,A76,ProductMaster!$D$2:$D$2503,B76,ProductMaster!$R$2:$R$2503,"Needs Verification")
A77: Riding Jackets & Apparel | C77: =COUNTIFS(ProductMaster!$C$2:$C$2503,A77,ProductMaster!$D$2:$D$2503,B77) | D77: =ROUND(SUMIFS(ProductMaster!$T$2:$T$2503,ProductMaster!$C$2:$C$2503,A77,ProductMaster!$D$2:$D$2503,B77),0) | E77: =SUMIFS(ProductMaster!$L$2:$L$2503,ProductMaster!$C$2:$C$2503,A77,ProductMaster!$D$2:$D$2503,B77) | F77: =COUNTIFS(ProductMaster!$C$2:$C$2503,A77,ProductMaster!$D$2:$D$2503,B77,ProductMaster!$R$2:$R$2503,"Needs Verification")
A78: Riding Jackets & Apparel | B78: Arm Sleeves | C78: =COUNTIFS(ProductMaster!$C$2:$C$2503,A78,ProductMaster!$D$2:$D$2503,B78) | D78: =ROUND(SUMIFS(ProductMaster!$T$2:$T$2503,ProductMaster!$C$2:$C$2503,A78,ProductMaster!$D$2:$D$2503,B78),0) | E78: =SUMIFS(ProductMaster!$L$2:$L$2503,ProductMaster!$C$2:$C$2503,A78,ProductMaster!$D$2:$D$2503,B78) | F78: =COUNTIFS(ProductMaster!$C$2:$C$2503,A78,ProductMaster!$D$2:$D$2503,B78,ProductMaster!$R$2:$R$2503,"Needs Verification")
A79: Riding Jackets & Apparel | B79: Base Layers | C79: =COUNTIFS(ProductMaster!$C$2:$C$2503,A79,ProductMaster!$D$2:$D$2503,B79) | D79: =ROUND(SUMIFS(ProductMaster!$T$2:$T$2503,ProductMaster!$C$2:$C$2503,A79,ProductMaster!$D$2:$D$2503,B79),0) | E79: =SUMIFS(ProductMaster!$L$2:$L$2503,ProductMaster!$C$2:$C$2503,A79,ProductMaster!$D$2:$D$2503,B79) | F79: =COUNTIFS(ProductMaster!$C$2:$C$2503,A79,ProductMaster!$D$2:$D$2503,B79,ProductMaster!$R$2:$R$2503,"Needs Verification")
A80: Riding Jackets & Apparel | B80: Headwear | C80: =COUNTIFS(ProductMaster!$C$2:$C$2503,A80,ProductMaster!$D$2:$D$2503,B80) | D80: =ROUND(SUMIFS(ProductMaster!$T$2:$T$2503,ProductMaster!$C$2:$C$2503,A80,ProductMaster!$D$2:$D$2503,B80),0) | E80: =SUMIFS(ProductMaster!$L$2:$L$2503,ProductMaster!$C$2:$C$2503,A80,ProductMaster!$D$2:$D$2503,B80) | F80: =COUNTIFS(ProductMaster!$C$2:$C$2503,A80,ProductMaster!$D$2:$D$2503,B80,ProductMaster!$R$2:$R$2503,"Needs Verification")
A81: Riding Jackets & Apparel | B81: Jerseys | C81: =COUNTIFS(ProductMaster!$C$2:$C$2503,A81,ProductMaster!$D$2:$D$2503,B81) | D81: =ROUND(SUMIFS(ProductMaster!$T$2:$T$2503,ProductMaster!$C$2:$C$2503,A81,ProductMaster!$D$2:$D$2503,B81),0) | E81: =SUMIFS(ProductMaster!$L$2:$L$2503,ProductMaster!$C$2:$C$2503,A81,ProductMaster!$D$2:$D$2503,B81) | F81: =COUNTIFS(ProductMaster!$C$2:$C$2503,A81,ProductMaster!$D$2:$D$2503,B81,ProductMaster!$R$2:$R$2503,"Needs Verification")
A82: Riding Jackets & Apparel | B82: Rainwear | C82: =COUNTIFS(ProductMaster!$C$2:$C$2503,A82,ProductMaster!$D$2:$D$2503,B82) | D82: =ROUND(SUMIFS(ProductMaster!$T$2:$T$2503,ProductMaster!$C$2:$C$2503,A82,ProductMaster!$D$2:$D$2503,B82),0) | E82: =SUMIFS(ProductMaster!$L$2:$L$2503,ProductMaster!$C$2:$C$2503,A82,ProductMaster!$D$2:$D$2503,B82) | F82: =COUNTIFS(ProductMaster!$C$2:$C$2503,A82,ProductMaster!$D$2:$D$2503,B82,ProductMaster!$R$2:$R$2503,"Needs Verification")
A83: Riding Jackets & Apparel | B83: Socks | C83: =COUNTIFS(ProductMaster!$C$2:$C$2503,A83,ProductMaster!$D$2:$D$2503,B83) | D83: =ROUND(SUMIFS(ProductMaster!$T$2:$T$2503,ProductMaster!$C$2:$C$2503,A83,ProductMaster!$D$2:$D$2503,B83),0) | E83: =SUMIFS(ProductMaster!$L$2:$L$2503,ProductMaster!$C$2:$C$2503,A83,ProductMaster!$D$2:$D$2503,B83) | F83: =COUNTIFS(ProductMaster!$C$2:$C$2503,A83,ProductMaster!$D$2:$D$2503,B83,ProductMaster!$R$2:$R$2503,"Needs Verification")
A84: Riding Pants | C84: =COUNTIFS(ProductMaster!$C$2:$C$2503,A84,ProductMaster!$D$2:$D$2503,B84) | D84: =ROUND(SUMIFS(ProductMaster!$T$2:$T$2503,ProductMaster!$C$2:$C$2503,A84,ProductMaster!$D$2:$D$2503,B84),0) | E84: =SUMIFS(ProductMaster!$L$2:$L$2503,ProductMaster!$C$2:$C$2503,A84,ProductMaster!$D$2:$D$2503,B84) | F84: =COUNTIFS(ProductMaster!$C$2:$C$2503,A84,ProductMaster!$D$2:$D$2503,B84,ProductMaster!$R$2:$R$2503,"Needs Verification")
A85: Services | C85: =COUNTIFS(ProductMaster!$C$2:$C$2503,A85,ProductMaster!$D$2:$D$2503,B85) | D85: =ROUND(SUMIFS(ProductMaster!$T$2:$T$2503,ProductMaster!$C$2:$C$2503,A85,ProductMaster!$D$2:$D$2503,B85),0) | E85: =SUMIFS(ProductMaster!$L$2:$L$2503,ProductMaster!$C$2:$C$2503,A85,ProductMaster!$D$2:$D$2503,B85) | F85: =COUNTIFS(ProductMaster!$C$2:$C$2503,A85,ProductMaster!$D$2:$D$2503,B85,ProductMaster!$R$2:$R$2503,"Needs Verification")
A86: Suspension Components | C86: =COUNTIFS(ProductMaster!$C$2:$C$2503,A86,ProductMaster!$D$2:$D$2503,B86) | D86: =ROUND(SUMIFS(ProductMaster!$T$2:$T$2503,ProductMaster!$C$2:$C$2503,A86,ProductMaster!$D$2:$D$2503,B86),0) | E86: =SUMIFS(ProductMaster!$L$2:$L$2503,ProductMaster!$C$2:$C$2503,A86,ProductMaster!$D$2:$D$2503,B86) | F86: =COUNTIFS(ProductMaster!$C$2:$C$2503,A86,ProductMaster!$D$2:$D$2503,B86,ProductMaster!$R$2:$R$2503,"Needs Verification")
A87: Tools & Workshop Equipment | C87: =COUNTIFS(ProductMaster!$C$2:$C$2503,A87,ProductMaster!$D$2:$D$2503,B87) | D87: =ROUND(SUMIFS(ProductMaster!$T$2:$T$2503,ProductMaster!$C$2:$C$2503,A87,ProductMaster!$D$2:$D$2503,B87),0) | E87: =SUMIFS(ProductMaster!$L$2:$L$2503,ProductMaster!$C$2:$C$2503,A87,ProductMaster!$D$2:$D$2503,B87) | F87: =COUNTIFS(ProductMaster!$C$2:$C$2503,A87,ProductMaster!$D$2:$D$2503,B87,ProductMaster!$R$2:$R$2503,"Needs Verification")
A88: Tools & Workshop Equipment | B88: Consumables | C88: =COUNTIFS(ProductMaster!$C$2:$C$2503,A88,ProductMaster!$D$2:$D$2503,B88) | D88: =ROUND(SUMIFS(ProductMaster!$T$2:$T$2503,ProductMaster!$C$2:$C$2503,A88,ProductMaster!$D$2:$D$2503,B88),0) | E88: =SUMIFS(ProductMaster!$L$2:$L$2503,ProductMaster!$C$2:$C$2503,A88,ProductMaster!$D$2:$D$2503,B88) | F88: =COUNTIFS(ProductMaster!$C$2:$C$2503,A88,ProductMaster!$D$2:$D$2503,B88,ProductMaster!$R$2:$R$2503,"Needs Verification")
A89: Tyres & Wheels | B89: Axles & Spacers | C89: =COUNTIFS(ProductMaster!$C$2:$C$2503,A89,ProductMaster!$D$2:$D$2503,B89) | D89: =ROUND(SUMIFS(ProductMaster!$T$2:$T$2503,ProductMaster!$C$2:$C$2503,A89,ProductMaster!$D$2:$D$2503,B89),0) | E89: =SUMIFS(ProductMaster!$L$2:$L$2503,ProductMaster!$C$2:$C$2503,A89,ProductMaster!$D$2:$D$2503,B89) | F89: =COUNTIFS(ProductMaster!$C$2:$C$2503,A89,ProductMaster!$D$2:$D$2503,B89,ProductMaster!$R$2:$R$2503,"Needs Verification")
A90: Tyres & Wheels | B90: Tyres | C90: =COUNTIFS(ProductMaster!$C$2:$C$2503,A90,ProductMaster!$D$2:$D$2503,B90) | D90: =ROUND(SUMIFS(ProductMaster!$T$2:$T$2503,ProductMaster!$C$2:$C$2503,A90,ProductMaster!$D$2:$D$2503,B90),0) | E90: =SUMIFS(ProductMaster!$L$2:$L$2503,ProductMaster!$C$2:$C$2503,A90,ProductMaster!$D$2:$D$2503,B90) | F90: =COUNTIFS(ProductMaster!$C$2:$C$2503,A90,ProductMaster!$D$2:$D$2503,B90,ProductMaster!$R$2:$R$2503,"Needs Verification")
A91: Unclassified — Needs Verification | C91: =COUNTIFS(ProductMaster!$C$2:$C$2503,A91,ProductMaster!$D$2:$D$2503,B91) | D91: =ROUND(SUMIFS(ProductMaster!$T$2:$T$2503,ProductMaster!$C$2:$C$2503,A91,ProductMaster!$D$2:$D$2503,B91),0) | E91: =SUMIFS(ProductMaster!$L$2:$L$2503,ProductMaster!$C$2:$C$2503,A91,ProductMaster!$D$2:$D$2503,B91) | F91: =COUNTIFS(ProductMaster!$C$2:$C$2503,A91,ProductMaster!$D$2:$D$2503,B91,ProductMaster!$R$2:$R$2503,"Needs Verification")
A92: TOTAL | C92: =SUM(C2:C91) | D92: =SUM(D2:D91) | E92: =SUM(E2:E91) | F92: =SUM(F2:F91)

Sheet SKU & Data Quality Audit
A1: Issue Type | B1: SKU | C1: Product Name | D1: Source Reference | E1: Details | F1: Recommended Action
A2: Missing SKU | B2: Missing SKU | C2: BOOT RAIN COVER | D2: Stock Summary Report — Row 5 | E2: No SKU/item code found in source item name. | F2: Assign an internal SKU or confirm with supplier records.
A3: Missing SKU | B3: Missing SKU | C3: CARRIER | D3: Stock Summary Report — Row 6 | E3: No SKU/item code found in source item name. | F3: Assign an internal SKU or confirm with supplier records.
A4: Missing SKU | B4: Missing SKU | C4: CARRIER&BACKREST | D4: Stock Summary Report — Row 7 | E4: No SKU/item code found in source item name. | F4: Assign an internal SKU or confirm with supplier records.
A5: Missing SKU | B5: Missing SKU | C5: CG WITH SLIDER | D5: Stock Summary Report — Row 8 | E5: No SKU/item code found in source item name. | F5: Assign an internal SKU or confirm with supplier records.
A6: Missing SKU | B6: Missing SKU | C6: CHAIN CLEANER BRUSH RED AND BLACK | D6: Stock Summary Report — Row 9 | E6: No SKU/item code found in source item name. | F6: Assign an internal SKU or confirm with supplier records.
A7: Missing SKU | B7: Missing SKU | C7: CLOTH | D7: Stock Summary Report — Row 10 | E7: No SKU/item code found in source item name. | F7: Assign an internal SKU or confirm with supplier records.
A8: Missing SKU | B8: Missing SKU | C8: CRASHGUARD | D8: Stock Summary Report — Row 11 | E8: No SKU/item code found in source item name. | F8: Assign an internal SKU or confirm with supplier records.
A9: Missing SKU | B9: Missing SKU | C9: HANDLE | D9: Stock Summary Report — Row 12 | E9: No SKU/item code found in source item name. | F9: Assign an internal SKU or confirm with supplier records.
A10: Missing SKU | B10: Missing SKU | C10: HAZARD | D10: Stock Summary Report — Row 13 | E10: No SKU/item code found in source item name. | F10: Assign an internal SKU or confirm with supplier records.
A11: Missing SKU | B11: Missing SKU | C11: HEAD MOUNT | D11: Stock Summary Report — Row 14 | E11: No SKU/item code found in source item name. | F11: Assign an internal SKU or confirm with supplier records.
A12: Missing SKU | B12: Missing SKU | C12: HEADLIGHT SHIELD | D12: Stock Summary Report — Row 15 | E12: No SKU/item code found in source item name. | F12: Assign an internal SKU or confirm with supplier records.
... A2551: Category assigned by fallback rule | B2551: Missing SKU | C2551: YEZDI ADVENTURE / ROADSTER (401 NF) | D2551: Stock Summary Report — Row 2511 | E2551: Classification based on 'model-plus-code guess'; not confirmed from explicit product keywords. | F2551: Manually confirm the category is correct.

Sheet Source Reconciliation
A1: Source Sheet | B1: Source Row | C1: Original Item Name | D1: Code Found in Name | E1: Original Stock Qty | F1: Original Stock Value | G1: Final SKU | H1: Final Product Name | I1: Final Category | J1: Outcome
A2: Stock Summary Report | B2: 5 | C2: **BOOT RAIN COVER | D2: — | E2: 4 | F2: 169.48 | G2: Missing SKU | H2: BOOT RAIN COVER | I2: Covers | J2: Mapped to Product Master
A3: Stock Summary Report | B3: 6 | C3: **CARRIER | D3: — | E3: -1 | F3: 0 | G3: Missing SKU | H3: CARRIER | I3: Luggage & Storage | J3: Mapped to Product Master
A4: Stock Summary Report | B4: 7 | C4: **CARRIER&BACKREST | D4: — | E4: 0 | F4: 0 | G4: Missing SKU | H4: CARRIER&BACKREST | I4: Body Parts & Panels | J4: Mapped to Product Master
A5: Stock Summary Report | B5: 8 | C5: **CG WITH SLIDER | D5: — | E5: 1 | F5: 351.56 | G5: Missing SKU | H5: CG WITH SLIDER | I5: Crash Protection | J5: Mapped to Product Master
A6: Stock Summary Report | B6: 9 | C6: **CHAIN CLEANER BRUSH RED AND BLACK | D6: — | E6: -2 | F6: 0 | G6: Missing SKU | H6: CHAIN CLEANER BRUSH RED AND BLACK | I6: Maintenance & Cleaning | J6: Mapped to Product Master
A7: Stock Summary Report | B7: 10 | C7: **CLOTH | D7: — | E7: 0 | F7: 0 | G7: Missing SKU | H7: CLOTH | I7: Maintenance & Cleaning | J7: Mapped to Product Master
A8: Stock Summary Report | B8: 11 | C8: **CRASHGUARD | D8: — | E8: 1 | F8: 359.38 | G8: Missing SKU | H8: CRASHGUARD | I8: Crash Protection | J8: Mapped to Product Master
A9: Stock Summary Report | B9: 12 | C9: **HANDLE | D9: — | E9: -1 | F9: 0 | G9: Missing SKU | H9: HANDLE | I9: Mirrors & Handlebar Accessories | J9: Mapped to Product Master
A10: Stock Summary Report | B10: 13 | C10: **HAZARD | D10: — | E10: 7 | F10: 593.18 | G10: Missing SKU | H10: HAZARD | I10: Lighting & Electrical | J10: Mapped to Product Master
A11: Stock Summary Report | B11: 14 | C11: **HEAD MOUNT | D11: — | E11: 1 | F11: 218.75 | G11: Missing SKU | H11: HEAD MOUNT | I11: Unclassified — Needs Verification | J11: Mapped to Product Master
A12: Stock Summary Report | B12: 15 | C12: **HEADLIGHT SHIELD | D12: — | E12: 0 | F12: 0 | G12: Missing SKU | H12: HEADLIGHT SHIELD | I12: Lighting & Electrical | J12: Mapped to Product Master
A13: Stock Summary Report | B13: 16 | C13: **MICRO FIBER AND HELMET CAP | D13: — | E13: 13 | F13: 123.76 | G13: Missing SKU | H13: MICRO FIBER AND HELMET CAP | I13: Helmets | J13: Mapped to Product Master
... A2508: Stock Summary Report | B2508: 2511 | C2508: YEZDI ADVENTURE / ROADSTER (401 NF) | D2508: — | E2508: 1 | F2508: 1754 | G2508: Missing SKU | H2508: YEZDI ADVENTURE / ROADSTER (401 NF) | I2508: Drive & Transmission | J2508: Mapped to Product Master

Sheet Vehicle Compatibility
A1: SKU | B1: Product SKU | C1: Product Name | D1: Compatible Bike Make | E1: Compatible Bike Model | F1: Source Reference | G1: Notes
A2: Missing SKU | B2: Missing SKU | C2: 77200ABW110S XPULSE RALLY SEAT | D2: HERO | E2: XPULSE | F2: Stock Summary Report — Row 76 | G2: Fitment extracted from source item name; verify against manufacturer fitment charts before promising fit.
A3: Missing SKU | B3: Missing SKU | C3: 77200ACY130S XPULSE210 RALLY SEAT | D3: HERO | E3: XPULSE210 | F3: Stock Summary Report — Row 77 | G3: Fitment extracted from source item name; verify against manufacturer fitment charts before promising fit.
A4: BEN0074 | B4: BEN0074 | C4: R15 V3 MT15 BEND BS4 | D4: YAMAHA | E4: R15 V3 | F4: Stock Summary Report — Row 209 | G4: Fitment extracted from source item name; verify against manufacturer fitment charts before promising fit.
A5: BEN0075 | B5: BEN0075 | C5: R15 V3 MT15 BEND BS6 | D5: YAMAHA | E5: R15 V3 | F5: Stock Summary Report — Row 210 | G5: Fitment extracted from source item name; verify against manufacturer fitment charts before promising fit.
A6: BEN11492 | B6: BEN11492 | C6: KTM ADV 390 BEND PIPE | D6: KTM | E6: KTM | F6: Stock Summary Report — Row 212 | G6: Fitment extracted from source item name; verify against manufacturer fitment charts before promising fit.
A7: BEN14268 | B7: BEN14268 | C7: R15 V4 DUAL SENSOR BEND PIPE SILVER | D7: YAMAHA | E7: R15 V4 | F7: Stock Summary Report — Row 213 | G7: Fitment extracted from source item name; verify against manufacturer fitment charts before promising fit.
A8: Missing SKU | B8: Missing SKU | C8: BIZEN HERO XPULSE 210 GPS/SMARTPHONE MOUNT | D8: HERO | E8: XPULSE 210 | F8: Stock Summary Report — Row 218 | G8: Fitment extracted from source item name; verify against manufacturer fitment charts before promising fit.
A9: Missing SKU | B9: Missing SKU | C9: BIZEN HERO XPULSE 210 PREMIUM HEADLIGHT GUARD WITH TRANSPARENT AND YELLOW TINT GLASSES | D9: HERO | E9: XPULSE 210 | F9: Stock Summary Report — Row 219 | G9: Fitment extracted from source item name; verify against manufacturer fitment charts before promising fit.
A10: Missing SKU | B10: Missing SKU | C10: Bizen Yezdi Adventure Gen 2 (2024 -2025) XXL Top Plate / Rear Rack Plate with seat rest | D10: JAWA/YEZDI | E10: YEZDI | F10: Stock Summary Report — Row 221 | G10: Fitment extracted from source item name; verify against manufacturer fitment charts before promising fit.
A11: Missing SKU | B11: Missing SKU | C11: Bizen Yezdi Adventure Gen 2 (2024 -2025) Aluminium Bash Plate | D11: JAWA/YEZDI | E11: YEZDI | F11: Stock Summary Report — Row 222 | G11: Fitment extracted from source item name; verify against manufacturer fitment charts before promising fit.
A12: Missing SKU | B12: Missing SKU | C12: Bizen Yezdi Adventure Gen 2 (2024 -2025) Front Brake Oil Reservoir Guard/Cover - Black | D12: JAWA/YEZDI | E12: YEZDI | F12: Stock Summary Report — Row 223 | G12: Fitment extracted from source item name; verify against manufacturer fitment charts before promising fit.
... A360: Missing SKU | B360: Missing SKU | C360: YEZDI ADVENTURE / ROADSTER (401 NF) | D360: JAWA/YEZDI | E360: YEZDI | F360: Stock Summary Report — Row 2511 | G360: Fitment extracted from source item name; verify against manufacturer fitment charts before promising fit.
